STATE,admin_1998,admin_1999,admin_2000,admin_2001,admin_2002,admin_2003,admin_2004,admin_2005,admin_2006,admin_2007,admin_2008,admin_2009,admin_2010,admin_2011,admin_2012,admin_2013,ba_1998,ba_1999,ba_2000,ba_2001,ba_2002,ba_2003,ba_2004,ba_2005,ba_2006,ba_2007,ba_2008,ba_2009,ba_2010,ba_2011,ba_2012,ba_2013,cc_1998,cc_1999,cc_2000,cc_2001,cc_2002,cc_2003,cc_2004,cc_2005,cc_2006,cc_2007,cc_2008,cc_2009,cc_2010,cc_2011,cc_2012,cc_2013,other_1998,other_1999,other_2000,other_2001,other_2002,other_2003,other_2004,other_2005,other_2006,other_2007,other_2008,other_2009,other_2010,other_2011,other_2012,other_2013,pregnancy_1998,pregnancy_1999,pregnancy_2000,pregnancy_2001,pregnancy_2002,pregnancy_2003,pregnancy_2004,pregnancy_2005,pregnancy_2006,pregnancy_2007,pregnancy_2008,pregnancy_2009,pregnancy_2010,pregnancy_2011,pregnancy_2012,pregnancy_2013,prior_1998,prior_1999,prior_2000,prior_2001,prior_2002,prior_2003,prior_2004,prior_2005,prior_2006,prior_2007,prior_2008,prior_2009,prior_2010,prior_2011,prior_2012,prior_2013,shortben_1998,shortben_1999,shortben_2000,shortben_2001,shortben_2002,shortben_2003,shortben_2004,shortben_2005,shortben_2006,shortben_2007,shortben_2008,shortben_2009,shortben_2010,shortben_2011,shortben_2012,shortben_2013,ssbg_1998,ssbg_1999,ssbg_2000,ssbg_2001,ssbg_2002,ssbg_2003,ssbg_2004,ssbg_2005,ssbg_2006,ssbg_2007,ssbg_2008,ssbg_2009,ssbg_2010,ssbg_2011,ssbg_2012,ssbg_2013,tax_1998,tax_1999,tax_2000,tax_2001,tax_2002,tax_2003,tax_2004,tax_2005,tax_2006,tax_2007,tax_2008,tax_2009,tax_2010,tax_2011,tax_2012,tax_2013,total_1998,total_1999,total_2000,total_2001,total_2002,total_2003,total_2004,total_2005,total_2006,total_2007,total_2008,total_2009,total_2010,total_2011,total_2012,total_2013
ALABAMA,1.1017266736,0.8002387924,0.7333281481,0.6665735867,0.6140897321,0.5714264162,0.5911869495,0.6405332253,0.6623108805,0.6396546274,0.6067779823,0.5768162439,0.6284408577,0.6449148431,0.780312016,0.6541053676,3.9017306351,2.5688235507,1.9469575459,1.6380703733,1.6234221455,1.8127564692,2.1124169012,2.1098074031,1.9780537842,1.6771517422,1.5955737318,1.5504290558,1.6196010097,1.6673347003,1.7372058974,1.6880941089,2.526651137,2.3716339306,2.1676547829,1.8332506265,2.1392861914,1.8875431877,1.3397181665,0.678569945,0.7366047001,0.8571723631,0.6759337485,0.4409187779,0.2399430442,0.2132821493,0.2287804547,0.2065721033,1.4003340018,1.1063057425,0.8645137739,1.3217528525,1.4693749938,1.8102910111,1.6644484295,1.6976619178,1.9583661203,1.9235675349,1.974841853,1.8257469834,1.6350956286,1.4571577805,1.3648161749,1.8476623591,0,0.0182888713,0.0526181896,0.1463994654,0.2162084001,0.258185259,0.2043995723,0.1532731322,0.0903955839,0.1267821198,0.1277591602,0.1354005044,0.1027971842,0.0934109453,0.087542772,0.0808013535,0,0,0.308050398,0,0,-0.2469467186,0,0,0,0,0,0,0.0620435947,0.06079646,0.0647017313,0,0,0,0,0,0,0,0,0.0014054335,0.0023284441,0.0020830408,8.172157e-4,0.3656796402,0.5967396224,0.838410886,0.8029344789,0.9353757037,0.851001363,0.8984271592,0.8317062739,0.6154789152,0.5317510106,0.49104842,0.481306048,0.5237071224,0.4839693115,0.4335780364,0.3878374576,0.3676626391,0.332574465,0.2391839821,0.1913238193,0.2100681554,0,0,0,0,0,0,0,0,0,0,0,0,0,0,0,0,10.7814438104,8.7637180466,7.9048291122,7.2215258197,7.5941324735,7.5843040446,7.3934760671,6.8049581793,6.9120288246,6.6599894646,6.3695411491,6.2626538446,6.2172354065,6.2144917464,6.2576173445,6.6226791515
ALASKA,0.7968293057,0.8319090001,0.8169414724,0.6954939332,0.5762638144,0.4855496614,0.4676239385,0.4969546323,0.5891886678,0.6411078318,0.6302641574,0.4949157145,0.4596528461,0.4199393779,0.4194220783,0.373657992,6.9643271393,5.9891509923,5.1531432199,4.2896543284,3.8582278868,3.5845123086,3.4359112355,3.309692668,3.1246187841,3.2257252302,3.1378457085,3.3890749144,3.1981351701,3.3388942403,3.1429305333,3.0680914695,1.7601287187,1.9818200998,2.4656833626,1.8197726945,1.7259092965,1.8407688774,2.0903950441,2.2454161488,2.1643257357,2.3153579433,2.5184002068,2.310574418,1.7497291754,1.4417461892,1.6780220278,1.8967659044,0.1431629628,0.1988713036,0.2840400775,0.3652669382,0.3282947972,0.2431169033,0.1406064837,0.0396267464,0.0451318367,0.0383441347,0.0123770383,0,0,0,0,0,0,0.029155716,0.0487297364,0.0633773197,0.0445916353,0.0276447261,0.0260976891,0.0353827937,0.0490209179,0.0452297121,0.0365504481,0.0304773333,0.0279821501,0.027823746,0.0293481201,0.0285112355,0,0,0,0,0,0,0,0,0,0,0,0,0,0,0,0,0,0.0085456936,0.018893504,0.0358184678,0.0846074657,0.097870862,0.1096729235,0.0810093383,0.0825354499,0.0880235228,0.0779312833,0.0587075688,0.0381444513,0.0203509758,0.0111329281,0.0012937581,0.3757544017,0.4676898629,0.5063999861,0.4177863491,0.3284393288,0.2919469921,0.273034289,0.2929923246,0.3347400945,0.4302808816,0.4658102344,0.4940016276,0.4324677911,0.4022217154,0.3768748615,0.3203335789,0,0,0,0,0,0,0,0,0,0,0,0,0,0,0,0,11.0402025281,10.5071426684,10.2938313588,8.6871700309,7.9463342247,7.5714103308,7.5433416034,7.501074652,7.3895614867,7.7840692566,7.8791790767,7.7777515766,6.9061115842,6.6509762446,6.6577305491,6.6886539384
ARIZONA,3.0116200025,1.6231763101,0.9418799322,0.8798147174,0.9005710568,1.4433212475,1.6616232904,1.7193135517,1.8876921793,2.2638829531,2.961274786,3.4887290645,4.3261949987,4.4309904368,4.4839611874,3.9561696138,14.4277789491,5.240613947,2.9348035258,2.889257395,3.9375907684,6.9465903137,8.1729718101,7.8768793232,7.6052654165,7.7886333897,9.4338312684,9.2856890675,10.4334173396,8.080549666,3.9906470444,1.9790145567,2.6780375157,2.3648770606,1.8656333331,1.6844092998,1.4380549551,1.5366718532,0.990880381,0.8803814872,1.9005781572,2.8232753504,3.9915537913,2.9276534973,3.0674719883,1.2971430826,1.2313199441,0.7298571783,5.3052663095,1.931124747,1.0694909442,0.8740264804,1.0866444758,1.5720680351,1.6749591708,1.8009147716,1.9811675907,2.7645810943,4.3251712119,6.2060513809,10.2162676225,14.4880918636,20.9862084208,21.8925072811,0,0.0210925922,0.0398714373,0.0375542444,0.0321911287,0.011598167,0.0130443343,0.0067487078,0.0202005524,0.0425215159,0.0616432114,0.0366849572,0.0134375224,0,0,0,0,0.094548912,0.3378560894,0.5247299298,0.8037806983,1.1163140852,1.4034471012,1.6626974226,2.0989132131,2.821390046,3.6643463569,3.6868717461,3.2050152789,1.9605057628,1.2372061474,1.4427972563,0,0,0,0,0,0,0,0.0434349917,0.0569083751,0.1071930251,0.1401270732,1.0183666582,2.3475578527,3.3391989408,3.3228503653,2.9534835186,1.8426586211,1.211149418,0.7824268657,0.6337243845,0.6844301034,0.9717281182,1.0792051832,1.1210633168,1.2111518647,1.3517723358,1.6289504298,1.7151903362,2.0979729198,2.1409004567,2.1401334372,1.9963309072,0,0,0,0,0,0,0,0,0,0,0,0,0,0,0,0,28.2653613978,13.4865829869,8.9719621277,8.5235164514,9.8832631864,14.5982918199,15.9961312711,16.1114335726,17.761877349,20.9632497103,27.2068981289,29.3652367077,36.707335523,36.7373802093,38.3923265466,35.9501603119
ARKANSAS,0.4100577545,0.4142013843,0.3932587899,0.4511006799,0.4790168119,0.5436565956,0.4726422062,0.4969628281,0.4925556408,0.5141851152,0.4800274943,0.386660979,0.3677849942,0.3166267958,0.3788464494,0.4323508748,2.1113240934,1.0655019006,0.7898224929,0.7994481331,1.0069148931,1.3546286557,1.2725017146,1.0322700996,0.7676442615,0.6097033235,0.5431302541,0.3886192661,0.3878734066,0.3552449282,0.4503616953,0.4622987763,0.2146296239,0.3517557249,0.42224967,0.3520953046,0.336423456,0.4756110594,1.0546294382,1.3785823835,1.5269648191,1.2525686247,0.9400766581,0.4716385653,0.3334489868,0.281565901,0.2093778244,0.2339822108,0.6179171391,0.3931286005,0.2622916639,0.2405649925,0.2153183765,0.2796233319,0.3099101199,0.2944973022,0.239780336,0.211554731,0.1712323723,0.0783885467,0.0987944409,0.1208543639,0.1649195337,0.0327289492,0,0.052222272,0.0659526507,0.0775713698,0.0931241129,0.1290621329,0.1485276543,0.1464163059,0.1154658742,1.1881848658,1.7019882941,2.0123341176,2.1848638739,2.3571962472,3.0938485176,3.2794563106,0,0,0,0,0,0,0,0,0,0,0,0.1094826295,0.1043270085,0.0995825976,0.0711753342,0.1741977006,0,0,0,0,0,0,0.0023441971,0.0074633762,0.0078980195,0.003605516,7.35082e-5,0.0148755131,0.0144885602,0.0138296734,-0.0010754528,5.830592e-4,0,0.0855863944,0.0929310672,0.0823802261,0.0351147997,0.0556661021,0.1132129165,0.06936601,0.0111719753,0.0040415128,0.0234401198,0.0168178485,0,0,0,0,0,0,0,0,0,0,0,0,0,0,0,0,0,0,0,0,4.3539286109,3.3623962767,3.0265063347,3.003160706,3.1659124501,3.8382478776,4.3737682468,4.4255583055,4.1614809264,4.783843689,4.8599687009,4.4788174658,4.4915812711,4.5449005073,5.3674539017,5.6155978816
CALIFORNIA,1.6039715172,1.0525979363,0.9278328031,0.8590531248,0.8664720056,0.942788113,0.9590913815,0.9756467401,0.9326836757,0.9454610709,0.937980904,0.7935396057,0.7153310883,0.6980515197,0.7736934156,0.7854338155,18.6752348662,8.9075983669,6.2333443621,4.5168981143,4.2684672751,4.7054614875,5.4940208944,5.6851501064,5.4075763329,5.0761957709,5.0435629107,4.5044806654,4.4183317454,4.3268137552,4.6543695083,4.4473220892,1.8555098381,1.9399031594,1.8982431469,1.8412977041,1.7570645531,1.9016636254,1.9166358025,1.7471314697,1.654444395,1.640496045,1.6493600737,1.3092867256,1.1289596239,1.0384593785,1.1620459692,1.126999385,3.4429964463,1.5330349,1.0028929799,0.5506160713,0.6907028056,0.6517833995,0.7743990171,0.7177564651,0.6095004682,0.6233335934,0.6116203162,0.4947108971,0.4513578705,0.4328256838,0.4951125185,0.4947881181,0,0.0010780518,0.0092296411,0.0163530903,0.0202326312,0.0265382396,0.0305264357,0.0332625727,0.3784756468,0.5197392741,0.5790932229,0.2126442852,0.0826650357,0.113002636,0.4575356204,0.6921549054,0,0.3193923623,0.4967766801,0.6420390163,0.5714823081,0.5754738637,0.4557491395,0.4251185085,0.2894879952,0.2687546111,0.2418643622,0.2399257474,0.2467419261,0.26284542,0.3056445574,0.3206655638,0,5.500753e-4,9.70367e-4,0.0013723044000000001,0.0018227556,0.0022561233,0.002881962,0.0031915223,0.0031421399,0.0027545411,0.0019576384,0.0392152579,0.0359982666,0.0359824985,0.0040946521,0.0047088362,0.2775925694,0.1375436164,0.0114292054,0.0436238404,0.0829168621,0.124875295,0.1645033426,0.2195362761,0.3518210315,0.4588021273,0.5379217595,0.4540214747,0.4167838385,0.4242698962,0.4878120469,0.5081461996,0,0,0,0,0,0,0,0,0,0,0,0,0,0,0,0,26.8553052372,14.8916984684,11.5807191856,9.4712532659,9.2591611965,9.9308401469,10.7978079753,10.806793661,10.6271316852,10.5355370338,10.603361187400001,9.047824659,8.496169395,8.3322507879,9.3403082885,9.3802189131
COLORADO,2.2961504386,2.2838995455,2.4328730653,2.9548433639,4.2864733988,4.3210929789,4.8843249184,3.734397553,3.9827895021,4.2145636464,3.4098513935,2.8485703729,2.1144749186,2.1520046409,2.2723266653,2.6403417488,10.4767870877,8.3475283752,6.6610997131,7.2797839977,7.5883754004,8.5126060406,10.7750182573,12.4850580017,13.620749096,12.3413955651,10.0857869029,9.1709647519,7.8443183014,7.8349802209,7.924253009,9.4583421911,3.9176434976,4.0058669009,4.5515867652,5.3041094801,4.7469985137,4.7411224967,3.2332985251,2.8732614003,1.200512763,3.3560561306,4.2059875205,3.6843409658,1.8432020029,-0.50453413,-0.6805845693,-1.2305729186,10.2943528586,12.1121703382,11.3307106247,14.9865159585,13.1426307961,14.8947510887,16.0246943144,19.6280453853,24.4384563444,30.4970350509,35.4492980908,32.9866209064,25.2121723724,21.7200131022,21.7385763014,25.9028777512,0,0,0,0.0012095753,0.0191716952,0.031334233,0.0392312729,0.0252845235,0.3283682651,0.753192161,0.916285535,0.5148397548,0.1875798428,0.0550931767,0.0470119059,0.0507210772,0,0.0272975183,0.198079917,0.42296527,0.4844934769,0.3577935731,0.2222513089,0.2177435451,0.2647054501,0.3433003256,0.5635703337,0.4190585713,0.2423218309,0.0487184195,0.025905069,0.0389619129,0,0.2492813726,0.5314020165,1.1340121073,1.2220509102,1.1201223745,0.8015799092,0.6494162092,0.7662053896,1.1436240153,1.5085963378,1.2242949441,0.7497379447,0.4798824066,0.476801539,0.5892045006,1.9333551245,1.732053203,1.949278573,1.7578955699,2.1042129772,2.3630191215,2.5292201611,2.7333175076,3.0890146404,3.3901718626,2.910649565,1.7718490012,1.2963851889,0.3530585655,0.2708645312,-0.373294685,0,0,0,0.8510640944,3.1202321288,3.6136885995,3.2974866813,0.9851952853,1.0097720351,1.0341953344,0.8639745157,0.6391898337,0.4249766642,0.3686336648,0.3530826204,0.3907432187,29.918289007,29.7580972537,28.6550306748,35.6923994169,37.7146392974,40.9555305065,42.8071053485,44.331719411,49.7005734858,58.0735340919,60.9140001948,54.2597291021,40.9151690668,33.5078500672,33.4282370718,38.4673247968
CONNECTICUT,3.2819847623,1.7336959518,1.6498137669,1.1181636756,0.7267603834,0.550267593,0.5526190103,0.6981144948,0.9253559457,1.1120228927,1.3451731441,1.0841522211,1.1411781067,1.1143902711,1.4381073791,1.5074643333,22.0037979338,10.4820056037,7.6353297825,4.9381659862,3.5579734666,2.7641864996,2.6648609806,2.8295359239,3.2670027234,3.4565284231,3.6813628052,3.0084320418,3.117280598,3.1253970453,3.8896098823,3.7502362524,7.7387601269,5.4885968387,4.8404105294,3.0136130042,1.6506772667,0.7730390161,0.4421869375,0.3628017403,0.6606298392,1.1812423902,1.4585591462,1.221596697,1.1256533459,1.2646110038,1.6680156486,1.6896063981,1.7451029708,2.3216250264,2.8067311201,2.9810650595,2.6737244211,2.690481594,2.7731825691,3.2968889345,4.3806083483,5.1942623671,6.735410764,5.8221544201,6.5062989861,6.7138161362,8.8767806492,8.6897132839,0,0.0200994786,0.3333476528,0.6670954881,1.1252385791,1.2771103443,1.4913943296,1.6794756675,2.1919068148,2.5751521296,3.0967363199,2.7599188807,2.962220991,3.1195190251,4.0136083777,3.924331817,0,0.2000016466,0.4675002475,0.533206846,0.4692390821,0.3662236723,0.3665057937,0.3860810551,0.5145978855,0.6073528061,0.7909980317,0.6197208506,0.6302355986,0.5649279152,0.7235319058,0.7199380895,0,0.0018280429,0.0021807639,0.0019596977,7.403284e-4,5.048158e-4,4.236348e-4,4.036106e-4,4.647764e-4,4.394863e-4,4.230757e-4,0.1752339425,0.250385291,0.2688999425,0.09644572,0.0133863811,1.477586276,1.1698240664,1.1046129111,0.8626366049,0.6906535567,0.5710360385,0.5534624489,0.6003661379,0.7263892275,0.8270853463,0.9873943844,0.8519091648,0.9171086016,0.947970075,1.233775567,1.2183444357,0,0,0,0,0,0,0,0,0,0,0,0,0,0,0,0,37.2472320698,22.417676655,19.8399267742,15.1159063623,11.895007084,9.9928495736,9.8446357045,10.8536675647,13.6669555607,15.9540858414,19.0960576711,16.5431182184,17.6503615189,18.1195314142,22.9398751297,22.513020991
DELAWARE,0.9004622081,0.9529135679,0.9078830889,0.6043776817,0.4577461675,0.4167346016,0.4354706813,0.4527738812,0.4347607879,0.3599848019,0.5900840214,0.7777311287,1.8396950286,1.4414451534,1.79464256,1.0762834559,2.2788241416,2.2003628225,2.0245283088,1.7730708551,1.7046750517,1.9073849259,1.870097833,1.6748941986,1.4075411798,1.1609831633,1.7485722839,1.6677756163,4.4717768975,3.4947900477,7.2299514871,4.1494463007,1.2140120152,1.5455108217,1.5416201431,1.7045756533,1.6289461983,2.1292572323,2.0518836939,2.2634703206,2.366361421,2.3786977338,3.4532556105,3.4824725399,7.4136882935,6.5868960902,16.3729054806,12.7180920887,0,0,0,0,0,0,0,0,0,0,0.0276881244,0.4816203527,1.8943886545,1.9788078339,3.6707130782,2.0051828768,0,0,5.374614e-4,5.156419e-4,4.932259e-4,0,0,0.0177657929,0.0296077456,0.1384868742,0.1858057711,0.1848953051,0.1752143282,0.1345391771,0.2283622112,0,0,0,0,0,0,0,0,0,0,0,0,3.61729e-5,1.173785e-4,1.492963e-4,1.823144e-4,7.32414e-5,0,0,0,0,0,0,0,0.0777925022,0.1458726712,0.4095325087,0.5824524498,0.691128512,0.6519052531,0.5422220659,0.7705924529,0.6205776536,0.1144777686,0.102857619,0.1359102644,0.1671581176,0.1979182869,0.1913019794,0.2238740864,0.2476107744,0.2097510975,0.212230523,0.3218614315,0.3464310697,0.2044480308,-0.0181770961,-0.4040569642,0,0,0,0,0,0,0,0,0,0,0,0,0,0,0,0,0,5.5077761335,5.801644831,5.6104792666,5.2496979495,4.9897789302,5.6446787392,5.5813262946,5.7343074699,5.5938949029,5.6599156049,7.9097196926,8.6320906972,17.6512338645,15.1606725684,30.6632926202,21.569655617
DIST.OF COLUMBIA,1.0472278253,1.1355334186,1.0537038332,0.7914049013,0.6263609152,0.6265350867,0.7217737109,0.7909497997,0.8694017504,0.9411060352,0.8492672141,0.6156524332,0.4179183028,0.3980039516,0.3035804321,0.2727396882,7.1149691424,5.7568530954,4.4827075156,2.7960290763,2.3856827597,2.4120892193,3.0168174056,3.1119974635,2.3871979864,1.6904411253,1.0443686238,1.5087496962,2.0447844085,2.529592407,2.1584751164,1.7951920558,2.1897399707,2.7030314354,3.2997417706,2.6410008803,2.3885405113,2.376518485,2.6741484586,3.1522574673,3.3179900928,3.3741286457,3.3930590252,3.2324529027,3.1212209818,3.1371507081,2.6694141381,2.1823151796,0.4415970927,0.3687213991,0.1497793288,0.1851856242,0.2987703702,0.3686559674,0.5292432376,0.6001001006,0.6891837443,0.7775197267,0.8475260154,1.1502028953,1.1511526813,1.5195682433,1.2243127912,1.5019018963,0,0.2818676026,0.4944396281,0.5684769894,0.3744058304,0.303437857,0.1597062678,0.3554013729,0.5007845405,0.6583948834,0.6332086871,0.5587668284,0.5101853463,0.4753916872,0.2582733663,0.1084973085,0,0,0,0,0,0,0,0,0,0,0,0,0.2209646043,0.2504716473,0.2059694284,0,0,0,0,0,0,0,0,0,0,0,0,0.3516037501,0.574692618,0.7274638257,0.5074440695,0.4380410902,0.2802574827,0.4306977786,0.4577901285,0.2320717994,0.1395708253,0.1391944306,0.1741668714,0.1855222941,0.1921292751,0.1962357241,0.1963802701,0.1831533378,0.168764232,0.1913005721,0.1573114957,0.1366362139,0,0,0,0,0,0,0,0,0.2310615241,0.4978116948,0.5656362506,0.646948365,0.5840071051,0.8417506037,0.5998067698,0.578586955,12.0737915138,11.6767047297,10.9381622047,8.2141692708,7.2133312121,7.2264310461,8.2758559518,9.196228498,9.1877489136,9.1356378351,8.5294460862,9.2475302086,9.79369028,11.0706936459,9.0845876074,8.0139103876
FLORIDA,0.582656528,0.5354909007,0.5027605019,0.5527432049,0.5678755523,0.6343645385,0.7657290519,0.839494078,0.6480155436,0.4791711839,0.3877808415,0.4636935772,0.4227510123,0.4116114899,0.4682646578,0.5813651065,4.2412660099,2.0531963809,1.5588761166,1.5451285781,1.9322015073,2.1910684075,2.4015684154,2.1602207589,1.9642704038,1.8983988874,2.1010665892,1.9607688599,2.0552253705,2.08235223,2.5011724425,2.8444933225,1.4822504755,1.5416820195,1.8395629952,2.2021815941,2.8809057762,3.2288930917,3.8135001482,3.9617248408,4.2951967703,4.4420766386,4.8189575602,4.2020256469,4.2111401222,4.1849949478,5.0373982994,5.6739314756,0.8393019427,0.384560562,0.5341972503,0.9186084584,1.5052974279,1.8718877992,2.3760650093,2.4347225697,2.852215534,3.2446098975,3.9411955082,3.4900679982,3.4857684983,3.6461778221,4.5753388424,5.4878818213,0,0.0852008779,0.132733209,0.1725064478,0.146471298,0.1022313937,0.1022577899,0.0886810557,0.2854920955,0.5338397402,0.5779824529,0.3152814161,0.0603340215,0.0554383764,0.0703159647,0.0979529215,0,0,0.0186501057,0.0191538883,0.0234382945,0.0332087863,0.0829880441,0.130239041,0.0840622223,0.0382195072,-0.0118384953,0,0,0,0,0,0,0.0207886007,0.0242921817,0.0269492579,0.0147906106,0.0131458383,0.0194876627,0.0242521952,0.0288464082,0.0292964535,0.0249727073,0.0176156264,0.0306400741,0.0292759044,0.0318028702,0.0111969839,0.623365732,0.5437466847,0.4294326381,0.3303176906,0.3836769799,0.5194251895,0.6298486824,0.6803728302,0.7241962056,0.736661722,0.7980175031,0.6961227598,0.7045849773,0.703466167,0.835699961,0.9395127595,0,0,0,0,0,0,0,0,0,0,0,0,0,0,0,0,8.7688406882,6.1646660264,6.0405049985,6.7675891201,8.4546574467,9.5942250446,11.1914448039,11.3197073693,11.8822951832,12.4022740303,13.6381346669,12.1455758845,11.9704440761,12.1133169375,14.5199930379,16.6363343908
GEORGIA,1.0977611851,0.2189899435,0.2078214994,0.1493256101,0.2575209336,0.1999676838,0.1791344704,0.2050683059,0.2548470549,0.4102653002,0.5540250002,0.4921883336,0.496215604,0.5153170989,0.8142997805,0.7859010426,8.9446931427,2.1149881449,1.2521095414,1.0129318277,1.3279528953,1.2903419767,1.3295195729,1.2108343458,1.0253865045,1.0306008417,1.1385877589,1.0362494022,1.0228846944,0.9619937425,1.620469759,1.8425542753,1.9243217034,0.6269349067,0.4984409367,0.4642101206,0.5115441229,0.4101131369,0.3327432608,0.1613708717,0.2605799296,0.317418947,0.617334975,0.3940804963,0.4406338031,0.4541135913,0.7692096918,0.9306003324,3.7739117823,0.4483894312,0.3941066274,0.2056806615,0.9683695685,1.1381022135,1.1860757898,1.5664762027,2.1826730797,3.364412741,5.1717000009,5.3716715419,6.3686649196,6.7185043974,11.9464543298,14.7971266944,0,0.155420375,0.1870153525,0.2094523768,0.2003550939,0.191671508,0.2220212668,0.2988913905,0.3955094517,0.497932417,0.6241805983,0.5360468884,0.5686034037,0.5701982404,0.653290241,0.555008924,0,9.994908e-4,0.0091990909,0.2121612152,0.3816264453,0.4894819436,0.4926664313,0.7835257048,1.0941341796,1.2883754157,1.4111772127,1.0590738577,0.8468869287,0.6766321921,0.9411101913,1.0425955394,0,2.980813e-4,2.227543e-4,0.0064938672,0.0156950359,0.0155906118,0.0072537836,-7.5205e-6,0,0,5.436978e-4,0.0393300951,0.1564133247,0.1579361199,0.1925746759,0.0011529014,0.9976859685,0.3782474583,0.2178250671,0.1910503971,0.206811639,0.1630793942,0.0976504372,0.1102078306,0.2180858767,0.2289803523,0.1830844779,0.1215000778,0.0913739072,0.0926010872,0,0.0225791746,0,0,0,0,0,0,0,0,0,0,0,0,0,0,0,0,17.738373782,4.9442678316,3.7667408697,3.4513060763,4.8698757343,4.8983484683,4.8470650128,5.3363671316,6.4312160765,8.1379860149,10.7006337217,10.050140693,10.9916765853,11.1472964697,17.9374086693,20.9775188841
HAWAII,2.3097225092,1.8017033345,1.8985286841,1.4570579358,1.4577173264,1.2057537028,0.9635702724,0.6422858347,0.4351398459,0.3020383317,0.1899960128,0.1322255547,0.107838458,0.1117486788,0.1299891108,0.1568851668,27.9043105931,22.0953117903,19.6638241862,13.2432487151,10.2985262236,7.5473924335,5.5732385104,3.4557423579,2.5024055362,1.5059214582,0.8635810433,0.4948607627,0.478344146,0.5341605855,0.6185245342,0.6475508261,1.570059016,1.0044097418,0.9250113235,1.7687454557,2.4533930144,2.4576617115,1.4435999096,0.8347131693,0.6180972903,0.4819689862,0.34416009869999997,0.28274494,0.2463860974,0.2557162125,0.2122847539,0.1964679358,0,0,0,0,0,0,0,0,0,0.4857641401,0.4373563981,0.385090667,0.2030211557,0.2067230949,0.2469140012,0.3269151134,0,0,0,0,0,0,0,0,0,0,0.1408158825,0.1992912584,0.2657207042,0.2353571411,0.2075834572,0.1563619396,0,0,0,0,0,0,0,0,0,0,0.0036563005,0.0228451681,0.0305863127,0.031799743,0.0146031754,0,0,0,0,0,0,0,0,0,0,0,0.0361587263,0.0938217235,0.1032334094,0.1072184757,0.0612763295,0.0476732623,0.2440695175,0.1987601244,0.2357092321,0.2334895667,0.5148721626,0.6558372198,0.6356430383,0.4034378401,0.2641670886,0.1795702237,0.1095770011,0.0776967019,0.0668803431,0.0750062087,0.0819739351,0.0847013548,0,0,0,0,0,0,0,0,0,0,0,0,0,0,0,0,33.0281616359,26.100184991,23.7230734259,17.7025416733,15.724508727,12.8666450675,9.6160517307,6.3361792019,4.819809761,3.9552631398,3.1253014632,2.6885767762,2.5020106267,2.5577301401,2.5731492975,2.6165555988
IDAHO,3.1722719253,0.9689272027,0.5186264438,0.3370607962,0.3542391187,0.3660730678,0.343853498,0.3038986383,0.708644766,1.1827124912,1.7853762486,1.8011736863,0.8089752154,0.487590506,0.1697947479,0.7773136607,5.188360644,1.3668005838,0.7305502041,0.5375242993,0.6817471397,0.7868033463,0.8837553539,0.9006021261,0.9539646434,0.9406822161,0.9374961357,0.8976027069,0.7348833608,0.7873152061,0.7937763379,1.0275053598,3.6345739185,1.8387804656,1.6446733044,1.3787592814,1.4506887985,1.3034486802,1.2217448879,1.1334943494,1.366348725,1.4954208237,1.5414708238,1.0103583656,0.7750317363,0.8689442428,1.2736268749,1.6905633072,13.7526014434,4.6114552832,3.2676349266,2.0889672544,2.0201178304,2.0460519425,2.1643868314,1.9739347275,1.6155739725,1.1079376415,0.8186361308,0.5497242851,0.406563674,0.440485586,0.4833934576,0.6438362501,0,0.5761363665,0.7011105083,0.7755814458,0.8603388912,0.5541256591,0.4051056764,0.1783616243,0.3325389255,0.3932669098,0.3580120123,0.2683263372,-0.0309828017,-0.0652316234,-0.0852257388,0.0601423717,0,0,0,0,0,0,0,0.2143524611,0.3919278866,0.5577372569,0.4106689025,0.2930234465,0.9298833558,1.0985648694,1.3786670423,1.1152157926,0,0.2532168926,0.2880876455,0.2888568162,0.2698969382,0.253252458,0.2752401571,0.2720593235,0.2548397788,0.2246576095,0.207155538,0.2694353972,0.1411871473,0.1378517266,0.1293317797,0.3097720217,2.5850668763,0.936720933,0.4921187668,0.2914342828,0.2179487014,0.2752861968,0.2724053122,0.2662191935,0.2013386993,0.2175257425,0.2334699164,0.2128852683,0.2640816178,0.2557296298,0.252871967,0.1949724612,0,0,0,0,0,0,0,0,0,0,0,0,0,0,0,0,29.3328748075,11.5520377274,8.6428017995,6.6981841761,6.8549774181,6.5850413508,6.5664917169,6.2429224437,6.8251773971,7.1199406911,7.2922857081,6.3025294931,5.0296233056,5.0112501435,5.3962364686,6.8193212249
ILLINOIS,3.8849721512,2.6590629958,1.2718695318,0.6477481449,0.3105906172,0.2705777772,0.231581356,0.2613917361,0.3084488486,0.3444463299,0.364867962,0.202862027,0.1734851217,0.1935494773,0.3590319905,0.8326174981,21.3740384336,11.5898282608,5.1691675753,2.1671503215,1.3759990405,1.1101409192,1.1108847897,1.2989432943,1.3178637479,1.1519498812,0.9142498912,0.4400771088,0.4354147756,0.5901356987,1.2012748339,2.751598502,4.8807034083,5.0226049397,4.8235948617,3.8978201692,3.2911727256,3.3193968656,3.734886155,4.363738887,4.6983557728,5.1006402725,5.5672402961,3.2068925281,2.8785639643,3.3139849464,7.1701188922,19.0606697404,0,1.2542979812,1.6845156525,1.7771880925,1.5989479236,1.6858312865,1.8175274082,1.9451191926,2.0377186393,2.2388343718,2.3243699319,1.081852043,0.7475227332,0.6421158913,1.1172684727,2.4739005959,0,0.0079944657,0.009737017,0.0097601355,0.0086018105,0.008910191,0.0108792803,0.0124014285,0.0123551208,0.0082389266,0.0033670152,0,0,0,0,0,0,0,0.7636862534,1.0864019922000001,1.3948721599,1.3594292525,1.5026157758,1.764435457,2.0598107419,2.4220022587,2.8116019155,1.5724962392,1.2990666746,1.3892910234,2.9169127353,7.5109610319,0,0,0,0,0,0,0.0017653328,0.0020123251,0.0021301116,0,0,0.0163309009,0.0174522594,0.0185283012,0.0092261093,0,1.6384570217,1.2961147286,0.9054643354,0.5958411251,0.3795706249,0.2940534611,0.2302593315,0.3096160476,0.3496566242,0.4723702693,0.5088970684,0.2479114276,0.1371625173,0.0714589386,0.0393534032,0.0346531042,0,0,0,0,0,0.0394247076,0.0900203779,0.1532471034,0.1648001181,0.173331074,0.1824020785,0.1045814659,0.087563422,0.0815003088,0.1710540041,0.6650348359,32.7781710148,22.8299033719,15.6280352271,11.181909981,9.3597549022,9.0877644607,9.7304198072,11.1109054715,11.951139725099999,12.9118133841,13.6769961588,7.8730037406,6.776231468,7.3005645857,13.9842404412,34.3294353083
INDIANA,3.5470332767,4.4451481255,2.8576059789,2.4688219658,2.007118597,2.020253363,2.2196168928,2.7714278988,3.1054182366,3.0830198491,2.355761182,2.1901285608,1.6968612737,1.5489348033,1.2314579436,1.1625483964,8.3580369895,8.4299715321,6.2610044784,7.44966329,7.150344246,7.6141206907,7.4815530582,8.7313946346,9.5771940977,9.1789489621,7.2874741623,6.4354079817,5.309001649,3.9884488234,2.638317841,1.8027235638,5.8128653336,11.4503812117,9.3678714684,6.8190141947,3.3256522185,1.6836132766,1.4669745162,1.6738753067,2.7752815217,4.0368681107,3.87269251,3.3169360747,2.58642898,2.3192931156,2.9704073941,3.7594365186,4.3317989698,6.7576940001,6.4739391108,5.3207084403,4.8393021814,5.0493618354,5.2445353735,7.2193034507,8.2586431621,9.6529275473,7.6745138508,8.7289850855,7.5828608468,7.2158875732,5.8584896405,5.5871843617,0,0,0,0.0447901846,0.0619845204,0.0965741893,0.0920606241,0.1223258492,0.1362414585,0.1442622726,0.1065317519,0.0741059623,0.0336670663,0.0926726652,0.1202082407,0.1324425787,0,0,0,0,0,0,0,0,0,0,0,0,0.0994650298,0.0995822407,0.0952861759,0,0,0,0,0,0,0,0,0,0,0.6404690008,0.5085664724,0.4658915875,0,0,0,0,0.8616994005,1.637635681,0.7753055278,0.8094527461,0.3460067104,0.2393296041,0.1199621639,0.1523826707,0.177273664,0.1919307759,0.1524032507,0.0930765151,0.0390267006,0.0390726902,0.0373870602,0.0387461513,0,0.4673539787,0.657770194,0.9645696049,0.8031056176,1.2235647372,1.7183708658,2.7800701042,3.374855208,3.8915417099,2.9206375312,2.4970427613,1.9109301222,1.9189757633,1.8697333689,1.9070340344,23.9114339701,34.1881845291,27.3934967582,24.8770204263,19.5335140912,18.9268176963,19.3430734946,24.4507799148,28.4049073487,31.8199682284,25.8785807112,24.8015745289,20.2582416684,18.2228676748,15.8212876649,15.390115605
IOWA,1.0612283539,0.9992558702,0.953084074,0.7779326306,0.6382441713,0.5544508605,0.5354263814,0.5483099159,0.5260759239,0.489480562,0.4606201897,0.4097007994,0.3915783384,0.4631217536,0.4881613995,0.4830563358,4.7911412832,3.8082648872,3.236891726,3.0674456979,3.2653498399,3.36819971,3.3841263497,3.2308905003,3.0620913061,2.7428912927,2.5346792146,2.4757937282,2.6055848005,2.7484325423,2.8239507092,2.7028399539,0.6630919512,0.8452444904,1.0833080695,1.2516344304,1.439974272,1.495974384,1.4766613856,1.2997503177,1.4252212029,1.597865213,1.8137448056,1.7784922432,1.786457096,1.8398887868,2.0201130281,2.1272380265,0.8839433069,1.0313742688,0.960275283,0.9885978838,1.0952777245,1.2759142748,1.4370187749,1.2062938571,0.7238361131,0.207678051,0.0027119265,0,0,0,0,0,0,7.236297e-4,0.0245124454,0.051959936,0.0787961321,0.104588899,0.1948362342,0.3816142278,0.8782052537,1.2674971995,1.6907412293,1.7840936035,2.0189096941,2.1230395017,2.5353407272,2.7314186099,0,0,0,0,0,0,0,0.2740895296,0.4249576672,0.4637918927,0.1983574241,0.0665327788,0.0185462615,0.0130097263,0.0018392427,0,0,0.0651278473,0.1046695362,0.1490468525,0.09815273,0.0557540016,0.0150194936,0.0161696184,0.0210777742,0.0208964923,0.0459405775,0.0495985411,0.0466440479,0.0183611748,0.0066721106,0.0062372517,0.4104907306,0.4510594395,0.4887031889,0.4781288887,0.4841242241,0.4941393178,0.5148627156,0.5313268121,0.55371217129999994,0.5369859087,0.5272801976,0.5001759734,0.5040103116,0.5200710648,0.5805357007,0.6154027591,0,0,0,0,0,0,0,0,0,0.16129484090000001,0.3222058875,0.4638556132,0.4766678274,0.5072972869,0.5257396944,0.7446623743,8.8098956257,8.2010504331,7.851444323,7.76474632,8.0999190938,8.3490214477,8.557951335,8.4884447789,8.6151774123,8.4883814528,8.5962814525,8.5282432808,8.8483983775,9.2332218372,9.9823526124,10.4108553112
KANSAS,1.5717459843,3.4866873677,2.6599469534,2.6112943115,0.8436345879,0.7739300807,0.7080847293,0.7560935394,0.8674791807,0.9213563009,0.9758940553,0.9141822488,0.9705403119,1.1081421204,1.4907826125,1.8364708802,10.7136765106,6.9865254859,5.9562952686,6.0579803957,5.0524268509,4.3498858162,4.4546649431,5.2559248195,5.8787178159,4.9159306866,4.3318479734,3.9529070224,4.1748666975,4.235793603,4.3269493672,4.2622942323,1.444115622,2.4921863171,2.1650748781,2.5023241542,1.8127174186,1.7911961583,1.8658893471,2.6521165089,3.4457356377,3.7034479414,3.6314010485,3.2425887276,2.8847067291,2.6553572288,2.8286145409,3.184341702,14.2256251879,5.4944052199,1.5180361438,-1.0188873508,2.2881556743,1.5224458381,1.2685241018,1.3228715334,2.4243230667,3.0119938357,3.6192709622,3.3150525518,3.1916367112,3.1956842648,3.377625076,4.0265381093,0,0.0216383323,0.0237319037,0.0234155327,0.0054997188,0,0,0,0,0,0,0,0,0,0.1014790901,0.2138967823,0,6.6204497495,6.214921764,7.2213190213,2.2054433092,1.685582314,1.3808714792,1.3263408811,1.0120493499,0.5195656197,0.4830650019,0.8758491141,1.2800502897,1.6836585035,1.9371386038,2.550184701,0,0,0,0,0,0,0,0,0,0,0,0.3156416964,0.3389655461,0.3793447408,0.0402260769,0.0109303611,1.8337447352,1.6542136081,1.2599052578,1.2431094104,0.7724068232,0.4932347525,0.3189237709,0.4407117233,0.6027405458,0.6494277724,0.6355825822,0.5964367171,0.6705193578,0.8368492831,1.1339340599,1.5645516268,0,0,0.5431780356,1.0957353811,1.6599725714,1.7596941257,1.9855815214,2.3331375682,2.7713632943,2.8718460533,3.0443150364,3.2675081639,3.7311242535,4.7409779024,5.9552766877,7.7283068902,30.78890804,27.7561060804,21.3410902049,20.736290856,15.6402569544,13.3759690856,12.9825398928,15.0871965738,18.0024088909,17.59356821,17.7213766598,17.4801662422,18.2424098969,19.8358076468,22.192026115,26.3775152852
KENTUCKY,2.4215619133,0.9184958852,0.6124288944,0.4858588149,0.5045583591,0.4818575283,0.4924211304,0.4973154694,0.5206774912,0.5054777539,0.4511214383,0.2598500466,0.2185937843,0.1918433762,0.2234219112,0.2169739732,13.4884088457,4.6329236534,2.9661685874,2.2448895804,2.5278899063,2.6840960714,3.0506637267,3.1751036453,3.4938641374,3.613762059,3.7539052482,2.2626659885,1.9805398595000001,1.7107814411,1.9405420963,2.0864272304,3.0583949873,1.623657117,1.4518227437,1.0258084309,1.3895352477,1.6407147456,2.0556951465,2.2318310815,2.3758748481,2.4322213843,2.4875673823,1.5663349777,1.300898558,1.2176348148,1.4197119287,1.2298965288000001,1.877349486,0.7567659216,0.5564602104,0.3268084908,0.3932886102,0.4734688114,0.7212516974,0.820444576,0.8163365929,0.6492912472,0.7489562602,0.5172394192,0.4945114779,0.4201128162,0.5520010226,0.5486214481,0,0.1055366609,0.0766822801,0.0634091093,0.0042663202,0.0022861394,0,0,0,0,0,0,0,0,0,0,0,0,0,0,0,0,0,0,0,0,0,0,0,0,0,0,0,0,0,0,0,0,0,0,0,0,0,0,0,0,0,0,1.245138256,0.6787253538,0.4647332861,0.1751695697,0.053601419,-0.0086794436,0,0,0,0,0,0,0,0,0,0,0,0,0,0,0,0,0,0,0,0,0,0,0,0,0,0,23.0908534885,9.7161045919,7.1282960021,5.321943996,5.8731398626,6.2737438526,7.320031701,7.7246947723,8.2067530695,8.2007524444,8.4415503291,5.6060904319,4.9945436797,4.5403724484,5.1356769588,5.0819191805
LOUISIANA,1.3360382376,1.0763312869,1.1903111612,0.9976107111,0.7465565069,0.7444899865,0.862675249,1.2450783045,1.641278729,1.7509602802,1.3042427374,0.9817134623,0.9464453932,1.3261332459,1.7830374899,2.3572827707,4.8335065063,4.1356763746,3.969873464,3.3692685473,2.2666724229,1.8882360159,1.8220116129,2.4512154535,2.804939947,2.8795620126,2.7077451975,2.5516840321,3.5498748636,3.3221122989,3.8147226497,2.5134074524,2.3305494553,3.2372342316,4.6626509717,3.1126226901,1.8781403406,1.2289190122,1.0321180631,1.4164630498,2.1502759675,3.0561823266,2.9278095861,2.2859196952,1.4359067136,0.8064040998,0.6053684639,0.8104134455,0.9589743683,1.1981698839,1.0572723147,0.8723547364,0.5447930505,0.6403237838,0.8130127745,1.6542099415,2.2593934588,2.3011528096,1.8512227167,1.4892610675,2.9013516365,3.1152034484,4.5137136773,4.3499452306,0,0.0081176301,0.0564491053,1.4303033304,1.9266301899,2.3821180483,2.2229622209,2.9257157116,3.7248393605,4.5663050614,5.3897238589,6.3627548517,6.5683694282,8.2277683769,9.2079958819,12.4479285273,0,0,0,0,0,0,0,0,0,0,0,0,3.29093e-5,3.62061e-5,4.6553e-5,0,0,0,0,0.4534120879,0.3800404186,0.3178349469,0.0770903539,-9.528938e-4,0,0,0,0,0,0,0,0,0,0,0,0.290159588,0.3728249095,0.4675324182,0.4886151444,0.748042337,1.0031243079,1.141545262,1.0913179634,1.0334585145,1.0491650419,1.1542696677,1.4841326954,1.9318151124,0,0,0,0,0,0,0,0,0,0,0,0.5308398779,0.5394335682,1.059860584,1.1284796337,2.1711110676,10.4590685675,10.6555294072,11.9365570169,11.5257316913,9.115657839,8.6694542119,8.3184854187,11.4397719042,14.5838517708,16.6957077525,16.2720620601,16.2356315011,17.9905795545,20.0117879277,23.5374970448,27.5819036065
MAINE,1.5200580807,0.8505861757,0.5794829161,0.4599633612,0.6015156741,0.5648112013,0.4592687613,0.3576740025,0.3817911746,0.2165044775,0.1478587936,0.1184805244,0.1582183332,0.175219013,0.1403395641,0.1374359598,11.4510467906,6.3361374634,5.004375622,4.4220172236,4.7913865763,5.9320898527,6.3633917942,5.625922984,3.8775322447,2.4069014978,2.1112389479,2.23067282,2.7608559327,3.0450348986,2.745192943,2.3964270737,1.4114147549,1.2142802295,1.0933306401,1.0480960933,1.3049891379,2.0691887971,2.1037657212,2.0189020884,1.3987648861,0.8165590804,0.571554426,0.4646475884,0.5646882004,0.5397604285,0.4556440579,0.3830538035,0.6759688256,0.3167948331,0.1079674838,0.0432675594,0,0,-0.0552901196,0,0,0,0,0,0,0,0,0,0,3.820388e-4,3.186559e-4,2.92713e-4,0,-3.885286e-4,-3.740478e-4,-3.320761e-4,0,0,0,0,0,0,0,0,0,0,0,0,0,0,0,0,0,0.012124625,0.0218582535,0.0332691011,0.041061718,0.0444077888,0.0416065704,0.0364365146,0,0.0260998354,0.0467158529,0.0659070787,0.0762338618,0.0994495141,0.1289405818,0.1784828102,0.1281618754,0.0620137956,0.0173701648,0.1038086712,0.1332932064,0.1568959514,0.0328385213,0.028125834,0.3241080576,0.2239980609,0.2042964272,0.18499065,0.3134413509,0.753059744,0.7942460155,0.6030784892,0.1963734822,0.1225757745,0.0952649464,0.085240419,0.053864937,0.0267994391,0.1071254772,0.2218677169,0,0,0,0,0,0,0,0,0,0,0,0.0464451457,0.1099148974,0.1853637093,0.1464174259,0.1096155055,16.3825965094,9.9682786367,8.036487598,7.224534679,8.087566601,10.4182105806,10.7939487067,9.7837282982,6.982623663,4.6366792507,3.9651455322,4.0825642697,4.8218972251,5.1734812287,4.6691645597,4.312962408
MARYLAND,1.1259493724,0.9911836751,0.6505101458,0.5167983807,0.4253732989,0.4961009829,0.5527678578,0.8868768326,1.0456120326,1.0604037228,1.1216195103,1.2011956287,1.3855989542,1.1785735531,1.249644601,1.0878139942,4.6836554125,4.3241682321,3.1425548989,2.8752964637,1.6135687231,1.4963674291,1.2996588342,2.6552047118,2.8501170166,2.5812718177,2.4327453588,2.4565914692,2.2694269709,2.2963103167,2.6259649168,2.7214567877,1.4060509822,1.8159707472,1.0545145888,0.3570943523,0.1875651953,0.4277980627,0.7170574283,0.8973865888,0.9412706309,0.932235234,0.7948575566,0.7013578765,0.6866640496,0.5759187561,0.5829652692,0.45315384,0.0626096695,0.0928814703,0.0298257284,0.0149150442,-0.0112538594,0.0316807831,0.0567266615,0.0902319326,0.0361930776,0.0025676952,1.06482e-5,9.8023e-6,9.7505e-6,0.5601569097,1.1992076205,1.743865806,0,0.1218441051,0.2197984189,0.4872439887,0.4770804033,0.5810172258,0.482535681,0.6404185514,0.9967362479,1.3591082645,1.8047056739,2.0185745893,1.8982250461,1.3111425076,0.9450198424,0.8383809411,0,0,0,0,0,0,0,0.0060602488,0.0068229093,0.0064013932,0,0,0,0,0,0,0,0,0,0,0.0161339466,0.0550438047,0.0897004713,0.1628730305,0.1871252274,0.313012193,0.6784066679,0.9976587678,1.1623441616,0.9355605046,0.8120101571,0.7628875782,0.3800513558,0.507190762,0.3456521072,0.3054083389,0.2295054803,0.2788380216,0.3355566058,0.5348317303,0.6021383763,0.5649385555,0.5322482279,0.4899684146,0.4873785458,0.445125689,0.4886616059,0.4704125935,0,0,0,0,0.3484817169,0.7330804894,1.3312228449,2.1246416327,2.6925847429,2.4465313059,2.4845669183,2.3804403911,2.6471362743,2.3938663665,2.7682402405,2.9012084198,8.6583167925,8.8532389917,6.4428558879,5.5567565686,4.2864549049,5.0999267992,5.8652263849,8.9985252596,10.3586002614,10.2664701818,10.8491605619,11.2457969395,11.536783753,10.6966546033,11.6717142534,11.9791799605
MASSACHUSETTS,3.3691050724,2.2739497514,1.5776259436,1.1930634157,1.3572523804,1.6987269815,1.9210191826,1.7458325509,1.4326718202,1.6274413836,1.7265988581,1.8461469842,1.9926882969,2.6799552869,4.1126637035,5.3743162286,15.445891479,11.2553451175,8.8386018311,7.9911427963,9.9515078672,15.0792303492,20.5508049932,18.3895118993,13.3543630243,11.5549051239,11.510593263,13.2759811283,17.5441603175,25.9396516559,40.1223247659,50.5812797678,5.9881841473,5.9905672824,6.6334187487,7.449284516,9.22587511,12.7023925712,16.4009437488,15.3736177469,12.9909578429,12.0394938898,12.5707490925,13.1791459053,16.8719878427,23.2376778826,35.3184366503,47.027624777,2.7395491231,1.9768048204,1.2269000841,0.6919708676,0.9679879998,1.3368617661,1.7515067498,2.6586567179,2.7258970173,3.6488409504,5.1475066587,7.2471565629,10.5498177509,15.2124920502,25.3201345439,32.0946547987,0,0.0032846173,0.0712463294,0.1013808697,0.1399055554,0.0850450887,0.0538971934,0.5712811896,1.0741452256,2.0444122487,2.3592438347,2.5116529436,2.3141402146,2.6062549216,2.904276381,2.7680685834,0,0,0,0,0,0,0,0,0,0,0,0,0,0,0,0,0,0.3777001627,0.6353899061,1.0225410139,1.2961108198,1.8808607045,2.0243037115,1.5911090801,1.2813000792,1.3378652517,1.8382952008,2.6646972533,3.9783066606,5.5930986245,7.7685744228,10.9837445311,1.4993529913,1.3957310676,1.2293677303,1.2238685379,1.4650108988,2.1078257309,2.7232859756,2.5529012753,1.9428482225,1.7517616086,1.7368198446,1.9166744679,2.4219389298,3.4585186571,5.3381924578,7.0309522151,0,0.3568516196,0.6313953774,1.1209133106,1.6582361488,2.7760604594,3.9004395831,3.8609277499,3.1740661477,3.0172813081,3.1100124214,3.7333044929,5.071348528,7.7733465563,12.3543955217,16.8879121193,30.0420828131,24.6302344389,21.8439459506,21.7941653276,27.0618867803,38.6670036516,50.3262011381,47.7438382099,38.9762493798,38.0220017647,40.9998191739,47.3747597383,61.744388541,87.5009956351,134.2389984469,173.748553021
MICHIGAN,0.6818624944,0.4369373469,0.6245065492,0.9067260397,1.4557968122,1.7647914379,1.5063190421,1.2377043759,1.1101001486,1.1197718807000001,1.1447552429,1.1747190735,1.2662534429,1.5250984064,1.8641966105,2.1293421203,4.9169486301,3.081587606,2.3809003072,2.6365514934,3.8585812319,6.3228480123,6.4237777699,5.2301499764,4.4007803593,4.0538960522,3.533260256,3.9537045258,3.5310261799,3.6456061692,2.5634273829,2.6409069202,2.3429589889,2.5414596337,2.4627431488,2.8170721647,3.7160358578,5.6857429623,5.3686899596,4.2990881707,3.4241996328,2.9649551028,2.3204072048,1.6090375723,0.9329868119,0.4813529768,0.2956014822,0.3070719003,0.8086493407,0.6682266161,0.7393160267,1.2062096802,2.0018401346,2.752980568,2.4431032806,2.0683557016,2.0054206761,1.7698446348,1.5227312317,1.3555261326,1.6392619982,2.1412315274,2.5626392698,2.7757542577,0,0.1392873506,0.2239104901,0.5344800366,0.9971929989,2.3047911869,2.1557125161,1.650275536,1.2481056373,2.0619815792,2.961724768,3.5914239982,3.9349150272,4.4323779324,4.9577712844,5.5962115682,0.08423078,0.1809821788,0.2176549177,0.2559870976,0.4039803782,0.8782008445,1.1479564672,0.9663942564,0.8140718081,0.8063239694,0.8291424487,0.8709969428,0.8876449714,0.9763062315,1.081352121,0.9934014788,0,0,0,0,0.0626704552,0.226478066,0.2139133329,0.0979470967,0.033381553,0.0733427383,0.1831340673,0.311761663,0.3958915716,0.3338895095,0.4920040754,0.7359479008,0.6690892942,0.5365716325,0.3774213283,0.3178003801,0.243329464,0.4210284411,0.4861617063,0.5878764209,0.6485736199,0.7329715405,0.7228077872,0.7327302716,0.7688858206,0.8610189774,0.9241908103,0.9798937767,0.0329977622,0.0885402336,0.1386447475,0.2786031241,0.3067223612,0.317158517,0,0,0,0,0.2390202317,0.8909169373,1.6296906982,2.4399763669,2.0097795759,1.4158738451,10.5367372906,8.6735925981,8.1650975156,9.9534300163,14.0461496941,21.674020036,20.7456340747,17.1377915347,14.684633435,14.5830874978,14.4569832385,15.4908171171,15.9865565219,17.8368580975,17.7509626123,18.5744037681
MINNESOTA,1.5215550217,1.2166361401,0.8886169723,0.8091764758,0.7361262958,0.73095233020000006,0.6773135203,0.651142421,0.6347904594,0.6373006672,0.6250281046,0.5724999349,0.5650957549,0.5783040213,0.6527900465,0.6934766491,7.4234321701,5.7784340373,4.0177445976,3.0685582455,2.5074562843,2.4215578539,2.2505540134,2.0587930004,1.7243314702,1.5485180305,1.3090066631,1.1491616115,1.1404650308,1.195396463,1.3415574323,1.3662389009,1.7427253593,1.7795745211,1.7757590299,1.413764133,1.3412553032,1.3753264608,1.2595473626,1.2617846275,1.1898727883,1.4738162431,1.4849517641,1.4710979565,1.2611258494,1.3524419445,1.2428490166,1.6430261907000001,0.0043320769,0.0076600823,0.0097632851,0.0858992042,0.1014590614,0.1313617783,0.0928474135,0.0864104299,0.1026803785,0.374132292,0.396080863,0.365648929,0.194728674,0.1933287099,0.2045882594,0.1398253584,0,9.115118e-4,0.0043019964,0.0052170563999999996,0.0109976489,0.0085336518,0.0072971708,0,0,0.0053103263,0.0108095204,0.0150496363,0.0140869323,0.0147836528,0.0150332794,0.0174771467,0,0,0,0,0,0,0,0,0,0,0,0,0,0,0,0,0,0.1430608124,0.263465465,0.3619517486,0.3413735051,0.3207788899,0.3683180389,0.4539428353,0.5537358955,0.5628799258,0.5470368829,0.5273370028,0.4733539379,0.4651512511,0.4749925095,0.5272021365,0.6960301928,0.587306474,0.6412047782,0.3537281042,0.2311110185,0.1311288429,0.0364879529,0.0453270872,0.0226852766,0.0725215083,0.0704039228,0.0851331874,0.0583705933,0.0619719158,0.0699867222,0.0736464437,0,0.1838107329,0.4854485245,0.5459123907,0.4842813973,0.3950801104,0.5228458627,0.7447457372,0.9586098194,1.3910100763,1.6323615918,1.6677322638,1.5449758013,1.6762217744,1.939861637,2.1938209373,12.3880748207,10.6973943119,9.0863046489,7.6442073584,6.7540605144,6.5147199182,6.2152113351,6.3021461386,6.1867060879,7.0654890696,7.0756793127,6.8536605223,6.2522025739,6.5375997327,6.9416589028,7.6547137634
MISSISSIPPI,0.9603326884,0.4154815468,0.3338094911,0.1703818675,0.1605387923,0.166665523,0.1819217051,0.1840358302,0.1725400277,0.145364094,0.1253949828,0.0908347884,0.079246377,0.0768382737,0.0739170541,0.0748669668,3.7435956752,1.7553419254,1.040206768,0.6698771701,0.6949640974,0.8108903154,0.9086612227,0.911630118,0.7201965504,0.5367682081,0.4303639658,0.3548611834,0.314085584,0.3277536,0.3324338548,0.3537969553,0.8911145808,1.1846730726,1.2289520881,0.8551464981,0.7517593639,0.7397448863,0.7351282823,0.7327831789,0.6777883552,0.5428951963,0.5313343792,0.4274142307,0.3660398409,0.3356850824,0.3488724563,0.4034816502,0.0259531374,0.0582527685,0.0949761755,0.0655094693,0.0493910722,0.0975526051,0.1618335498,0.2857348742,0.2564075366,0.2432137839,0.1919303888,0.1514304734,0.1095927631,0.0993951455,0.0857886796,0.0917840657,0,0.0336915355,0.2646017241,0.2891372502,0.3426192928,0.3048587181,0.2823136374,0.2179215979,0.1784546761,0.1822128633,0.1716903125,0.17694696,0.1301235349,0.1178424977,0.0941779082,0.0941550481,0,0,0,0,0,0,0,0,0,0,0,0,0,0,0,0,0,0,0,0,0,0,0,5.4055e-6,0.0231118629,0.0195735679,0.0166282088,-6.2026e-6,0,0,0,0,0.7982069939,0.7778520775,0.4875851106,0.2226590456,0.128535365,0.148544604,0.1866936713,0.3207551038,0.2931682221,0.2445395795,0.2095347874,0.1745303023,0.1505305307,0.1534965102,0.15905369589999999,0.1835923515,0,0,0,0,0,0,0,0,0,0,0,0,0,0,0,0,7.4192030758,5.2252929264,4.4501313573,3.2727113008,3.1278079836,3.2682566519,3.4565520685,3.6528661085,3.321667231,2.914567293,2.6768770253,2.3760117356,2.1496186306,2.1110111096,2.0942436489,2.2016770375
MISSOURI,0.9953167449,0.7027516666,0.488660336,0.5385617014,0.6420237855,0.7728246397,0.7431743618,0.6284553875,0.5676091093,0.5422726291,0.5785614371,0.4621026656,0.5599667533,0.5542630707,0.7912433235,0.4299703536,5.5248417086,4.0456229885,3.4241777979,3.5405324535,4.277397118,5.1485564343,4.8200440667,4.4600293759,4.0885107153,4.2304728883,4.2533873119,3.5279780798,4.1313803192,4.2861603368,6.6234032797,4.7133143399,1.4005190191,1.6791652201,1.8863678815,1.9614377333,2.3668585831,2.8593299684,2.96078918,2.8945278409,2.6422277631,2.7107087566,2.8089223237,2.3288507422,2.9127142735,3.0294657571,4.4172903182,2.5966544538,1.0235711555,0.5973341733,0.3519971761,0,0,0,0,0,0,0.6238205562,1.3068745251,1.5252521000000001,2.0100762304,2.1895456072,3.6878372887,2.7032681361,0,0.0363784514,0.0627938191,0.0895286278,0.142724184,0.127269346,0.1835077042,0.2197382588,0.6750757539,0.6318517111,0.5213847886,0,0,0.214755249,0.3369887356,0.2463222669,0,0.4139817572,0.8289176614,1.3547842007,1.8541421338,2.3246024587,2.2521772042,2.3595281452,2.720232175,3.0963836085,3.0074215666,2.3791554046,3.1703337725,4.0338037832,6.9121795681,5.6119179821,0,2.066606e-4,2.876872e-4,3.324502e-4,1.617866e-4,3.48888e-5,0,0,0,0,0,0.7907364253,1.2069709282,1.7206145295,2.2797660708,2.201208888,0.4565049302,0.5440173877,0.3979717785,0.4281824882,0.527905749,0.8061765842,0.7986332865,0.754305589,0.7341309672,0.7837634593,0.8299058956,0.709069901,0.8921482909,0.9657755077,1.5153784774,1.1076674747,0,0,0,0,0,0,0,0,0,0,0,0,0,0,0,0,10.4007535584,9.0194583054,8.4411741378,8.9133596551,10.81121334,13.0387943201,12.7583258033,12.3165845975,12.4277864838,13.6192736091,14.3064578486,12.7231453185,15.883590568,17.9943838413,27.564087062,20.610323895
MONTANA,1.6697832512,1.4420308025,0.8396475802,0.6195463449,0.5057679381,0.6087199291,0.5745460894,0.5336053903,0.477818961,0.4998136747,0.5108042649,0.4389905332,0.4560055795,0.5366569406,0.6888330941,0.6828720332,6.8994772898,4.8157998971,2.9200050162,2.3762680818,2.4152771468,2.4306747409,2.2394051306,1.7446269685,1.4734849409,1.3060633162,1.2998241462,1.2637855032,1.2970858256,1.2815930642,1.3316157345,1.3517474513,1.9231992679,1.8391201502,1.4681623079,0.8276799178,0.8273389491,0.7055103399,0.558248151,0.3903926803,0.5547743415,0.731051888,0.8100447434,0.7178555422,0.7377513954,0.8104471465,0.9230011442,0.9465957957,0.7003159379,0.5490982784,0.2458842617,0.202565594,0.1198296166,0.1572359175,0.1239716407,0.1588157028,0.201791143,0.1937931169,0.1751516,0.13390564160000001,0.1523314447,0.1391655546,0.1378527367,0.1235039252,0,0,0,6.05468e-5,5.51545e-5,5.85969e-5,0.0120682713,0.0227953716,0.0325631842,0.033505577,0.0322904183,0.0363948672,0.0420930604,0.0504873194,0.0546903699,0.0675109267,0,0.1388414523,0.3654231438,0.4288106665,0.4273465052,0.3584082666,0.340156811,0.3388628338,0.3135176194,0.3097609127,0.3132805411,0.2945550886,0.2806022729,0.2773895278,0.2952718928,0.3277264153,0,0,0.0209666611,0.0088999022,0.0248094514,0.0205820611,0.0521519894,0.0615450505,0.0656824989,0.056069404,0.0281170826,0.0142008677,0.0038884287,0.0039135276,1.841751e-4,0,0.3154387436,0.4873926719,0.4835911934,0.3859861536,0.3408716817,0.2961732384,0.2395998313,0.1756547558,0.1671121701,0.1729576029,0.1724105422,0.1543668796,0.1508056473,0.1604003011,0.1873437144,0.2107267469,0,0,0,0,0,0,0,0,0,0,0,0,0,0,0,0,12.5082144903,10.2722832524,7.3436801643,5.8498172076,5.6612964434,5.5773630904,5.1401479147,4.4262987536,4.2867448591,4.3030154924,4.3419233387,4.0540549233,4.1205636545,4.2600533816,4.6187928616,4.7106832941
NEBRASKA,2.1306003155,1.4856296373,1.1763205719,0.7841661843,0.6542215118,0.3340813514,0.3376137391,0.3281971929,0.3804188457,0.272112922,0.2306329301,0.2223072944,0.2130222345,0.2090613705,0.1913595813,0.2124869963,5.9290902397,4.2430212212,4.0825158709,3.6751121949,5.1078074383,5.1575501487,5.2653693073,4.4956446024,3.5473124445,2.2207916829,1.4518119153,1.2015725109,1.1591532452,1.1869269047,1.1104634865,1.2950143563,0.4985612947,0.7933751337,1.1458049623,1.3416086459,1.5807018838,1.3681116056,1.3833832612,1.1509586509,1.2031048131,1.034368667,1.0536104476000001,1.0028530582,0.9345088358,0.9814272506,1.0012995576,1.2489571251,0,0,0,0,0,0.0331690532,0.0335392333,0.0279043082,0.1185555005,0.0972203388,0.0926732426,0.0129633961,0.0683330006,0.0971917191,0.1241620044,0.2483954601,0,0,0,0,0,0,0,0.0035317407,0.1823594704,0.1479222425,0.1375312938,0.0120033482,0.0089012114,0.0096786908,0.011232915,0.0143315172,0,0,0,0,0,0.0987678902,0.09987018,0.0830909955,0,0,0,0,0,0,0,0,0,0,0,0,0,0,0,0,0,0.1024709526,0.0935523831,0.0890455179,0,0,0,0,0,0,0,0.1217209954,0.1495814609,0.129464091,0,0,0,0,0,0,0,0,0,0,0,0,0,0,0,0,0,0,0.4974141974,0.868604046,1.2513336142,1.3665451843,1.3200021526,1.4508883819,1.5036624553,1.9272220253,9.5582518498,7.5220259923,7.4046414051,6.9226080206,8.4923122948,8.1211441401,8.1197757208,7.0893274905,6.9291652716,5.7434908518,5.3111458268,4.90729031,4.70392068,4.9351743177,4.9421800001,5.9464074803
NEVADA,10.8833262728,6.7485630153,4.5713651007,3.7671976593,4.0875395437,4.437671039,3.5985942492,2.5761794334,1.8584443682,2.0878135177,1.7300442954,1.6474394702,1.2583311004,1.7221147252,2.4179072037,3.2945108439,28.3872043908,13.8653437546,8.18557093,7.2625022945,9.3744308257,10.2340789915,7.8161139715,5.2607772113,4.4916326449,4.2856639603,4.4211718049,4.8364877972,5.9878401479,8.5383346738,12.1717161954,16.0851543541,1.2023007052,0.9564210942,0.6646866113,0.559977553,0.7360658029,0.8369452923,0.7679726421,0.5027828086,0.4414689895,0.3950634841,0.2348377866,0.2215999067,0.1155463573,0.2240718473,0.0780183128,0.0996176674,15.1454172793,7.8097492184,3.742176819,1.5014211241,1.3262546932,1.3924385169,1.4066337897,1.218025432,1.0873140355,1.9955503243,3.6368949958,5.2598880553,6.8298450893,9.3414666439,12.3099251777,13.2121634813,0.6772047646,0.3417923928,0.21599235,0.0135578933,0.0146763444,0.026150807,0.0323895696,0.0250747976,0.014895578,0,0,0,0,0,0,0,0,0.9023856595,1.4019897917,1.5691425691,1.6645761011,1.4068575088,0.7608528695,0.3709950851,0.3263403035,0.582797898,0.8111187998,0.7954144719,0.6896819698,0.4796319193,0.298282459,0,0,0.007070746,0.0106275226,0.0121700296,0.0136647455,0.0135396421,0.0100457367,0.0080942253,0.007319782,0.0066341646,0.0035338992,7.473483e-4,0,0,0,0,0.3706692791,0.469845607,0.4102516796,0.3014714399,0.2593818859,0.2286747307,0.195610778,0.1458299347,0.1416182539,0.2119728255,0.2363089023,0.2268541022,0.1537149884,0.0985093604,0.0692126153,0,0,0,0,0,0,0,0,0,0,0,0,0,0,0,0,0,57.6661226918,32.1011714878,20.202660805,15.9874405626,18.4765899425,19.5763565283,15.5882136063,11.1077589281,9.3690339556,10.5654961743,12.073910484,13.9884311517,16.0349596531,21.40412917,28.345061964,33.6914463466
NEW HAMPSHIRE,3.7235376015,3.4803882205,2.7851872982,2.1134345528,1.5764495968,1.3962152094,1.139367014,0.9693745825,0.9612597194,1.069799603,1.0855812186,1.0965186021,1.1851837429,1.3593387447,1.444875677,1.4954729424,13.1490662215,10.2877690886,7.0066128423,4.5303756553,3.9388725053,4.3283940497,4.3901254752,4.1522231088,3.4702203104,2.8786587126,2.6327962128,2.8774201264,3.5919251419,3.7793055768,3.5275185248,3.0454406699,1.4681268722,1.2731529747,0.9688711189,0.7067959126,0.6193446765,0.6371093213,0.832170643,0.9362675495,1.0562343125,0.9608979468,0.8664138021,0.7916250239,0.7814315812,0.7982730144,0.8483365892,0.9414167223,2.17678374,2.0581254943,1.5473687171,1.0799080491,0.8210074519,0.7130830627,0.6164602677,0.5429946187,0.566406885,0.5839258853,0.6555869571,0.6711581759,0.7595836158,0.6830629561,0.6560367695,0.6145678631,0,0.0093828801,0.067766091,0.1172672271,0.1766577236,0.2032526045,0.1891141155,0.1555866354,0.5439152689,0.8623806843,0.8387533607,0.5252865456,0.2115639104,0.2552347886,0.3061218802,0.46328200940000003,0,0.88038477,0.9210127013,1.1997775273,0.5503970719,0.4233764488,0.0013271379,0.2996904857,0.4903919749,0.6710836779,0.5892617795,0.577458256,0.659225655,0.7565290127,0.847207339,0.6785628243,0,0,0,0,0,0,0,0,0.2268698832,0.4833706695,0.5598497993,0.4925805342,0.3370119668,0.3290424972,0.2948371683,0.3285617506,0,0,0,0,0.1215097374,0.1237796695,0.2741203226,0.1984498605,0.2802593183,0.2232030999,0.2324707372,0.1516097082,0.1103786742,0.0822456064,0.1100287304,-0.0062331826,0,0,0,0,0,0,0,0,0,0,0,0,0,0,0,0,21.5175144352,18.9892034281,14.2968187688,10.7475589242,8.8042387633,8.8252103658,8.4426849759,8.2545868411,8.5955576726,8.7333202793,8.4607138673,8.1836569723,8.6363042881,9.0430321969,9.0349626783,8.5610715995
NEW JERSEY,1.7683208379,1.2837475757,1.3645066572,0.8760486808,0.8703725369,0.6267070119,0.8254901936,0.7234127436,0.7349573263,0.6029768573,0.6115259416,0.5738101843,0.6447623256,0.6830748304,0.7460557414,0.6902944566,6.2574023045,4.8886368847,4.0306182682,2.2001901854,1.8171398548,1.8152913234,3.347948706,2.446511391,2.1685180361,1.28432099,1.7136866753,1.7280397445,1.9630568382,2.2666808826,2.5274970891,2.3848391631,2.3484655516,1.9674436184,1.4094530216,0.5167213112,0.3722471799,0.3769531532,0.5833667265,0.5318554676,0.5603232965,0.6863397271,0.8629812441,0.8397580221,0.9580228941,0.9725603347,0.9242603358,0.866604659,0,0,0.0222193916,0.2167314641,0.1895149151,0.1684323911,0.0688505627,0.0354039278,0.048072889,0.0296963708,0.0693722864,0.0685027175,0.0767368108,0.0833554048,0.0852194407,0.0797415448,0,9.167058e-4,0.4917789872,1.4960381946,2.003505059,2.4570504607,3.3955790008,2.7755957996,2.6826725984,2.4753777773,3.4414359754,3.5442864104,4.0159688222,4.4531153347,4.8389186547,4.9753360658,0,0,0.0104891604,0.0555626995,0.0838699484,0.1357757208,0.0590591325,0.0551505935,0,0.0708806175,0.0577900811,0.0547332698,0.0590104045,0.0654432944,0.0692672229,0.066811959,0,0.0032211894,0.0032525933,0.0211075934,0.0227636706,0.0200933477,0.0218879269,0.0177167951,0.0188304907,0.0066876311,0.0748810301,0.2106877336,0.2492086998,0.2220561239,0.1052882109,0.0759742424,0.7452805912,0.6880726587,0.6947795773,0.4342047461,0.2843465411,0.1884792209,0.1650887431,0.1436556436,0.1356140408,0.1195113191,0.1358855465,0.1321867147,0.1461283964,0.148553408,0.1715275177,0.165447509,0,0,0.2771543905,0.4518710788,0.6630729166,0.6959062828,0.7286844257,0.3821352407,0.16054164,0.3922603027,0.9626478514,1.9667220759,2.447841385,2.6050881804,1.9404054418,1.7276029773,12.1194692852,9.8320386326,9.3042520473,7.268475954,7.3068326222,7.4846889126,10.1959554178,8.1114376025,7.5095303178,6.668051593,8.9302066318,10.1187268728,11.5607365767,12.4999277939,12.4084396548,12.032652577
NEW MEXICO,28.2605799634,1.5218035937,0.9788822649,0.678055251,0.6250916197,0.4889748736,0.4508084799,0.4377397291,0.6315884997,0.6038803962,0.8005817741,0.6581253788,0.8528896757,0.8581010309,1.1529804718,0.8944672122,348.680356058,20.4034049768,11.74221918,7.5929176117,6.9255242488,6.1008476189,5.1726673517,5.605628306,6.3224229823,4.822259529,4.0282345658,3.9796745078,5.7468299212,7.0829811326,7.5613027638,5.3416848517,33.1361104582,3.0777959246,2.365177017,2.2411993345,2.5802978529,2.6567003873,2.3310685282,2.6759162519,3.2726951558,2.8285457095,2.5991324127,2.3726799263,2.9470075982,3.326351146,3.7345720148,3.3546807611,35.9971629334,1.2365502423,1.3952170717,1.2409532567,1.682306115,1.9873984661,1.8320754796,1.9613725212,1.6970990225,0.9882676448,0.8430683294,1.1414394253,1.8852626667,2.9790931796,4.2767972304,4.5046347231,0,0,0,0,0.0279297185,0.0787161606,0.0975306592,0.0806198296,0.038122507,0.1640522947,0.4288434618,0.6034728225,0.8488795073,0.9248926458,1.0726614801,0.920617786,0,0,0,0,0,0,0,0,0,0,0,0,0,0,0,0,0,0,0,0,0,0,0,0,0,0,0,0,0,0,0,0,0,0,0,0.0504775097,0.1041651313,0.1568681709,0.1373552602,0.1011588428,0.0610165615,0,0,0,0,0,0,0,0,0.2118079022,0,0,-0.0937486182,0,0,0,0.0747452879,0.6867584584,1.6395438335,2.1351834605,3.3662361463,4.1744998687,5.5201530876,4.6308168655,447.074209413,27.4513626397,17.4814955335,12.8036029635,12.8515660681,12.4695056773,11.0215057589,11.8624354806,13.0976900167,11.0937640326,11.3394043773,11.8905755212,16.6471055154,20.3459190036,24.3184670484,20.6469021997
NEW YORK,2.7692840298,2.1697858415,1.7385835244,1.5431307029,1.5077333217,1.6007757128,1.6692141738,1.8169084271,2.1030914093,2.2144110122,2.3049782143,2.1928254497,2.1072929175,2.0722239176,2.1712382079,2.215817245,13.5326469702,10.0057666556,7.4305974971,5.6315739488,5.2244297107,5.5897265806,6.5884364313,7.2728481191,7.598855576,6.9536473178,6.9483004316,7.2593492902,7.8149869208,8.3314272289,9.5130643993,10.3152154238,1.331813509,1.9106567056,2.0660248924,1.8678822573,1.2424422873,1.378572805,1.5107584927,2.4055139302,2.4967645144,2.4370079805,2.3132194429,2.2550486392,2.5816118573,2.6587616758,3.3119056046,3.0885524322,2.4993938781,2.1637246195,2.0963343843,1.8874560519,1.8060834585,1.653083329,1.5134402238,1.6179807563,1.9848277848,2.290208792,2.5885507943,2.820350391,3.4475262486,3.9973328654,4.8586955273,4.8993466341,0,0,0.0153938634,0.127652429,0.5717304871,0.9112621729,0.9373768343,0.6941307255,0.6634754786,0.9906423121,1.2858248594,1.379054172,1.4892098933,1.4156525194,1.5965414475,1.5600647173,0,0.5115442286,0.8743916049,1.2950554567,1.381080762,1.621883015,1.7107120707,1.6455354079,1.6176167369,1.5751240398,1.6869191138,1.665689658,1.7709759258,1.5588685456,1.4815420672,1.2278251047,0,0,0.0106310998,0.050056938,0.1022062479,0.1883894025,0.2744351135,0.3324319856,0.4237623549,0.5552711391,1.0607979782,1.2422247471,1.3163412818,0.9596973154,0.9919306787,1.02805337,1.2822748701,1.173868008,0.9963852436,0.8886353402,0.8155267705,0.7323953373,0.6463161488,0.534465768,0.5771573051,0.5759926262,0.7205360349,0.7868903598,0.9591424728,1.0009499777,1.2096824334,1.2040301793,0,0.8345699953,1.2061106684,1.6203893222,1.5684175945,2.0884960718,2.6999430326,3.3226037825,3.848485314,4.0208278535,4.8108111847,5.6432073267,6.8574029422,7.6409465967,8.8472218146,9.251721631,22.4154132573,19.7699160541,17.4344527784,15.9118324471,15.2196506403,16.764584427,18.5506325217,20.6424189021,22.3140364739,22.6131330732,24.7199380542,26.2446400335,29.3444904599,30.6358606424,34.9818221805,35.7906267374
NORTH CAROLINA,2.7901507017,0.9118596703,0.6356353365,0.5472594358,0.5500205471,0.546272097,0.5367109069,0.4606335195,0.4875183119,0.5196173776,0.6521905689,0.6644132146,0.5660338362,0.5880834485,0.6744178109,1.0265479551,20.4513647167,4.947961599,2.7422950946,1.87992607,1.8599283733,1.8136044391,1.6884116654,1.6961074664,1.5520153332,1.4517857428,1.3151547093,1.2583376138,0.962055573,0.9115260102,0.9223055603,1.3138187367,6.4056532202,3.1395409111,2.6026209881,2.2845583897,2.4471372725,2.4919051264,2.6576881362,2.9780344832,3.1941540023,3.3714691519,3.4279877682,3.3053241176,2.7295511559,2.6372773855,2.8067347017,3.8799690515,12.0683877075,2.7754059864,1.2043124327,0.4426839374,0.4265523374,0.3737942698,0.3114976146,0.358450615,0.3723210758,0.4043865112,0.448452042,0.4960073999,0.4728074565,0.5085253664,0.5624239972,0.8375825698,0,0.006389688,0.0045938682,0.0046416333,0.0030490336,0.0034043755,0.0028864514,5.9133e-4,-3.749976e-4,-9.837778e-4,0.580026355,1.0137520554,1.3467514395,1.3276014628,1.6088748546,2.3460866189,0,0.6726757531,0.8172985765,0.9954810305,1.0271853543,1.0735227907,1.1131617936,0.6559599164,0.7443457995,0.8138005387,1.4269884918,1.4227249996,1.2150696078,1.2886694112,1.3244242139,1.7616730951,0,0.08526163,0.1036091343,0.1183460487,0.1158661661,0.1155027061,0.1144148971,0.1109475272,0.120687163,0.1317682585,0.1766912507,0.1664819352,0.1389072689,0.1112980557,0.1082539449,0.1256657582,0.3086229086,0.3033027273,0.213554088,0.1625549613,0.0790809932,0.0812909383,0.077739304,0.0873417688,0.1224998941,0.1909219841,0.2302191358,0.2143526294,0.1510609984,0.1528208708,0.1695461936,0.2434124122,0,0,0,0,0,0,0,0,0,0,0.1554289548,0.4174256716,0.5722907903,0.7277228497,0.8298319472,1.2117086781,43.0241792546,13.8423979652,9.3239195189,7.4354515065,7.5088200775,7.4992967428,7.5025107693,7.3480666265,7.5931665822,7.882765787,9.4131392764,9.9588196371,9.1545281267,9.2535248606,10.0068132243,13.7464648757
NORTH DAKOTA,4.9450363406,3.5546565757,2.4739804583,1.6886542314,1.3282755961,0.9646782652,0.8877139058,0.8720198335,0.8760155393,0.9131812395,0.9236884451,0.8401450366,0.7641050922,0.6896521477,0.7120806561,0.7324049477,15.8724893648,9.9117011673,6.3165326289,3.3990812262,3.4659637355,3.0997595289,3.2723583162,2.7289324153,2.334810524,1.9731831173,1.6831931982,1.448726585,1.2979173122,1.1007308795,1.0379632796,0.9496511599,0.6366060629,0.7961762261,0.9633595462,0.9195990823,0.9034976855,0.6749966953,0.6242966849,0.3908431161,0.3954683286,0.2907949774,0.2896337122,0.2407275286,0.2094727638,0.2010410925,0.1777884529,0.1857437608,1.6534169134,1.0394505054,0.4980472454,0.1467577182,0.128241345,0.1410307901,0.161986335,0.1393438755,0.1134593993,0.0795449428,0.0609516541,0.0434621513,0.0346642279,0.0266099905,0.0232363788,0.0166711148,0,0,0.5258131635,0.6064836453,0.6283246402,0.4583446306,0.45931942,0.5528345931,0.5482452696,0.6203103407,0.6326740979,0.5957242475,0.5242169986,0.5263979257,0.5251070247,0.6001253102,0,1.7459280864,2.1470274164,2.3044845667,2.0303800975,2.06041634,2.2684981592,2.2887650372,2.4340711082,2.5855337858,2.5582610974,2.3871818639,2.2564751554,2.391731757,2.7050803743,3.110573103,0,0,0,0,0,0,0,0.0132133269,0.1990948066,0.3901095052,0.4041543212,0.214057979,0.0506122627,0.006249607,0.0065204856,0.0059717762,0,0,0,0,0,0,0,0,0,0,0,0,0,0,0,0,0,0,0,0,0,0,0,0,0,0,0,0,0,0,0,0,24.1075486817,18.0479125609,13.9247604586,10.06506047,9.4846831,8.3992262503,8.674172821,7.9859521977,7.9011649755,7.8526579085,7.5525565261,6.770025392,6.1374638129,5.9424134,6.187776652,6.6011411727
OHIO,6.7463953522,2.4703487538,1.5910796194,1.1089092348,0.9549602751,0.9062667658,1.0502962168,1.2031102738,1.3019257278,1.5431757404,1.8162711955,1.9333312929,2.1107467969,2.004079082,2.5967569925,2.2083622923,48.9797361896,9.5174239454,4.0228759562,2.6681429957,2.5761165965,3.1858665236,3.2710660766,3.6414774668,3.3236286258,3.530109268,4.0909439027,5.0724816178,6.3638740615,6.3922003314,6.9728344175,5.0076479146,5.2857684017,2.4252700228,1.9716837579,1.8773879123,2.1385801428,2.3692768059,2.3390423123,2.6132288628,3.0617634699,3.8688854155,4.1508220919,4.6670038243,5.3662162799,6.2296355474,7.6831842152,6.4556510744,12.2902455577,3.7285297448,2.3294675186,1.5383340237,1.4943896948,1.4779968966,1.5884467723,1.7468792711,2.007958832,2.5442100141,2.6222321944,1.9559964879,1.2868207246,0.5365700813,0.4971428338,0.292856018,0,0.0058854263,0.0105756491,0.1217571701,0.2290078668,0.3083694439,0.2037943349,0.3237424272,0.6424176446,1.4868171268000001,1.8035569905,1.5869546357,0.8978316445,0.4728157584,0.5618134281,0.4875995131,0,0,0,0,0,0,0,0,0,0,0,0,0,0,0,0,0,0.2198590005,0.4931355078,0.4427376255,0.4437868661,0.3297982531,0.3892186623,0.5537197512,0.5935244554,0.7170080903,0.6667640002,0.6834768226,0.6838778055,0.6980693275,0.7730827842,0.6512601727,6.5465615414,2.1234990466,1.0465412589,0.5601130536,0.5820115035,0.7408400944,0.7816177276,0.8381767576,0.7186914263,0.7072664652,0.6699773249,0.8256864066,0.871820151,0.9266613253,0.8672719292,0.8816687163,0,0,0,0,0,0,0,0,0,0,0,3.0745e-6,3.4854e-6,3.6769e-6,0,0,80.8487070427,21.4908159402,12.4653592678,9.3173820158,9.4188529455,10.3184147834,10.6234821028,11.9203348104,12.6499101818,15.3974721204,16.8205677003,17.7249341624,18.5811909492,18.2600351301,20.9520866005,16.9850457012
OKLAHOMA,0.4235069552,0.5593280159,0.4548364225,0.6098879976,0.4938352567,0.5074987781,0.4877423653,0.6848000321,0.8214048798,0.9496903146,0.8836207998,0.8744193604,0.8390830493,0.8356496899,0.8765709216,0.9170396524,3.3448278377,3.0985558598,2.8564637905,2.7311585189,2.1044449837,1.8418745864,1.6720322468,1.3968147191,1.1984790799,1.1395697654,1.0216967106,0.9271770568,0.8450250469,0.797800298,0.7916263375,0.7529029977,2.1226031575,2.7216039095,3.0822358638,2.5224057641,2.8170068849,3.3829034539,3.6743848408,3.5811843774,3.2448115987,3.6311938507,4.2892594516,4.0253836001,3.4116759687,2.4634049959,2.5887187704,2.4122246314,1.0099589675,0.6379981333,0.5302419154,0.2648241883,0.4693883839,0.599304124,0.6813988796,0.8890660653,0.9075315468,1.2293796777,1.4122871262,1.4194750684,1.2200104366,1.031340037,1.0405512541,1.0453073069,0,0,0.0112352755,0.0407922943,0.0832705776,0.1164060745,0.1392659246,0.1742178066,0.1985452499,0.2634916099,0.3147116016,0.3549451024,0.3464170804,0.3184437385,0.3332863258,0.346774825,0,0,0.1218190357,0.2382542563,0.442619024,0.4998881677,0.5463677862,0.4465239227,0.3757906447,0.4036176196,0.443577074,0.4118987189,0.3457020113,0.3277426205,0.3598704799,0.363810912,0,0,0.1777345679,0.2274845299,0.2236120881,0.0787077952,0.064515212,0.0664896536,0.0687083003,0.0572020455,0.0403871119,0.1065708685,0.1463970391,0.1310715125,0.0646895179,0.0070061802,0.6614971974,0.8880920069,0.9629909046,0.6991940257,0.6115687583,0.5677206406,0.5676653201,0.6066829826,0.6175301171,0.6733373484,0.6497248873,0.6025130955,0.5407926912,0.512411814,0.545424839,0.5479429487,0,0,0,0,0,0,0,0,0,0,0,0,0,0,0,0,8.5623941153,8.9055779254,9.1975577759,8.3340015751,8.2457459572,8.5943036203,8.8333725754,8.8457795594,8.4328014173,9.3474822318,10.0552647628,9.7223828711,8.6951033236,7.4178647062,7.6007384462,7.3930094543
OREGON,0.6779288485,0.5199021636,0.4982691013,0.426380226,0.6167412932,0.7647652305,0.9390535293,0.8941445118,0.8623105605,0.7188199995,0.6261695133,0.6322795259,0.6305960149,0.8251140985,1.1277590531,2.1775006965,3.5302218972,2.1160373301,2.0470687124,1.1542297922,1.629941131,1.9573639117,2.7812059416,2.6826142179,2.7356126504,2.3193285997,2.4115223259,3.3702026167,3.8028769839,4.8687174761,5.2944868697,7.8502764298,0.4050048191,0.3739684707,0.462430047,0.4320385579,0.4848193874,0.546950229,0.5227821656,0.4326103342,0.36121482,0.4474329465,0.6343704444,0.7454146974,0.7088908234,0.5825413787,0.5052931205,0.6224218491,0.0101284959,0.3639401446,0.98246671,1.5799217584,1.7568089362,1.5754433897,2.0287247723,2.0151830102,1.7643695241,1.6880529105,1.6463974693,2.1691657938,1.8734985422,2.6005256979,3.438068693,6.2608356197,0,1.58308e-5,0.0051998853,0.0100453608,0.0113561187,0.0056180087,3.574548e-4,0,0,0,0,0.0010197506,0.0015328219,0.001820967,8.053183e-4,-1.2659e-6,0,0.0221146752,0.0744614587,0.1268174123,0.1460847815,0.1548957957,0.1913946391,0.2338329531,0.8282102272,0.9231173523,0.9141211383,0.450415641,0.2929085814,0.2936312391,0.3219855602,0.3166015291,0,0,0,0,0,0,0,0,0,0,0,0,0,0,0,0,0,0,0,0,0,0,0,0,0,0,0,0,0,0,0,0,0,0,0,0,0,0.0260407795,0.0680482007,0.0878260371,0.1114719052,0.0844756592,0.0670778513,0.031527163,0.0283637745,0.0336408403,0.0416610064,0.0363781464,5.6232840608,4.395978615,5.0698959147,4.7294331077,5.645751648,6.0310773447,7.5315667034,7.3462110644,7.6631896874,7.1812274678,7.2996587424,8.4000251885,8.3386675423,10.2059916976,11.7300596212,18.2640130047
PENNSYLVANIA,1.4575816234,0.9046882878,0.8888282762,0.7231586423,0.557855302,0.4883771513,0.4661348312,0.456098304,0.4680829559,0.4980142463,0.4776621006,0.4347767807,0.4157066236,0.4996374211,0.655896962,0.7993255663,8.3945458425,4.0514030744,3.1528018948,2.247441677,1.6610305594,1.5663941994,1.6424848478,1.831672001,1.6992014894,1.5354916913,1.2026185892,1.0841387141,1.0239079529,1.3655739141,1.9867356613,2.7251150194,1.4799619734,1.0675588486,1.1985160386,0.8094189255,0.8423604156,0.9505606042,1.0968595335,1.2067543934,1.4470480104,1.9903067043,2.3187319103,2.4394427892,2.4235130607,2.7843736583,3.4145448824,4.1064714103,3.8255497369,2.1682348386,1.4158410918,0.4630816058,0.0481760758,0.0251743999,0.0212324698,0.0085660826,0.0027838365,4.245763e-4,0.0020977817,0.0017068563,2.469694e-4,-6.907439e-4,-8.877521e-4,-3.206198e-4,0,0.0120089903,0.0324752897,0.0875983706,0.1672238199,0.2001027746,0.1910875031,0.1748071095,0.1581199011,0.2310625349,0.3084987106,0.3187317854,0.3521448406,0.360046325,0.6608026974,0.9745831638,0,0.1185248791,0.9587799773,1.0970332054,1.3958181025,1.2398157625,1.2689206643,1.0830166189,0.7704596549,0.4443489402,0.4171018642,0.3452888632,0.3463222307,0.3537774745,0.4484534471,0.5383426157,0,0.0045628854,0.0134824723,0.0205806037,0.0477249251,0.0471839612,0.0511502611,0.0375004519,0.0753531582,0.1241937096,0.2268596266,0.234377986,0.2552962393,0.1909991431,0.1864737767,0.1264737407,0.3908846109,0.3311737038,0.2295500628,0.2085360958,0.1521157419,0.0918156699,0.0882525277,0.0687577427,0.1225496211,0.1464857284,0.1631850426,0.1712952453,0.1616651344,0.2008474402,0.24491885360000001,0.3083273558,0,0,0,0,0,0,0,0,0,0,0,0,0,0,0,0,16.5485237871,9.6581555079,8.8902751035,6.656849126,5.8723049422,5.609424523,5.8261226385,5.867172704,5.7435986276,5.9703281311,6.1167556258,6.0297590201,5.9788030516,6.7545646325,8.5969385283,10.5783182522
RHODE ISLAND,3.2752499745,2.2563972416,1.6501127935,1.3333348817,1.4217477646,1.4579065124,1.6814533709,1.918687072,2.0766829502,2.1361079153,1.6263421213,1.3507670471,1.0731480084,1.0685133563,1.0866776577,1.0057507131,19.5497435843,14.8780158023,11.7826955394,9.6258895628,8.9287764416,8.7308991594,9.1918280156,9.756963182,9.0807080586,7.6609614258,5.2844099782,4.1250144456,3.2960268717,3.063784686,2.9417858938,2.5980798882,2.9228068484,2.9283995081,3.2837668211,3.0356935834,3.5056197976,4.0495998821,5.7284701777,7.0785274516,7.1843370771,5.6656040938,3.2785195549,2.1109836917,1.6978344294,1.772305166,1.8365056767,1.7999018062,1.3461118644,1.728189861,2.0054113657,2.4956581491,2.6029874836,2.6818488262,2.7370976212,3.2762618916,4.0043791704,4.1942571372,3.1430050624,3.7225532077,3.8340332844,4.806814852,4.6964305058,5.4641329337,0,0,0,0,0,0,0,0,0,0,0,0,0,0,0,0,0,0,0,0,0,0,0,0,0,0,0,0,0.0219320666,0.0218986289,0.0206057446,0,0,0,0,0,0,0,0,0,0,0,0,0,0,0,0,0,0.1505202251,0.2549137825,0.2210724337,0.146200784,0.022925586,0.0371261823,0.0573736137,0.2617548393,0.6046784093,0.8837337297,0.8382695817,0.7087753471,0.6071889292,0.6199250046,0.6566835039,0.6880271712,0,0,0,0,0,0,0,0,0.1726559738,0.371927842,0.4555928929,0.6253072841,0.6826019834,0.8361638964,0.7618419598,0.7385002903,28.2444324967,23.0459161955,19.9430589534,17.636776961,17.4820570734,17.9573805625,20.3962227991,23.2921944365,24.1234416393,21.9125921438,15.6261391913,13.6434010232,12.2127655731,13.1894055902,13.0005309422,13.2943928026
SOUTH CAROLINA,0.854820021,0.7266707109,0.6138321851,0.4622365575,0.285468266,0.317332208,0.3488804517,0.4916788994,0.48823909,0.6072988055,0.4954860567,0.3932228627,0.4924555117,0.6052954419,0.816827556,0.9175124861,2.0625207136,1.3311705366,1.2273636714,1.0053527058,0.7435521674,0.9957731154,1.2281292327,1.8853167745,1.6810338198,2.2132460367,1.4539607949,1.3197918957,1.4363898438,1.725153846,1.7970733322,1.5862226917,0.4129988579,0.2637133116,0.1726403763,0.1279170811,0.1044819517,0.1451278991,0.13037627,0.1969330444,0.1610895986,0.2588387768,0.1669673946,0.1338639593,0.2726197269,0.3532112885,0.4067691982,0.2207229415,0.8992909114,0.6410503594,0.5617520406,0.5018478502,0.4052973477,0.6312773614,0.8796179657,2.3008268918,2.707085996,5.6050420844,3.6783771021,2.9176659193,3.7481723895,4.7690022784,6.5404107661,7.8523034462,0,0.095337765,0.1324835645,0.1317269908,0.0994199415,0.0697629433,0.0898087125,0.1467708034,0.1449496242,0.1837761575,0.1221453082,0.0901714657,0.0605979955,0.0696761199,0.1259511102,0.1281970737,0,0,0,0,0,0,0,0,0,0,0,0,0,0,0,0,0,0,0,0,0,0,0,0,0,0,0,0,0,0,0,0,0.4773245825,0.3525847769,0.3056751339,0.2487964468,0.1607985607,0.1490666245,0.2216474864,0.4356868033,0.3889140323,0.384730906,0.1664784872,0.0983023598,0.0464907763,0,0,0,0,0,0,0,0,0,0,0,0,0,0,0,0,0,0,0,5.7069550864,4.4105274604,4.0137469718,3.4778776322,2.799018235,3.3083401516,3.8984601189,6.4572132166,6.5713121608,10.252932767,7.0834151437,5.9530184624,7.0567262437,8.5223389748,10.6870319627,11.7049586393
SOUTH DAKOTA,1.2787827696,0.8635106657,0.8229549568,0.7906311046,0.8751304087,0.8711025176,0.871505645,0.7179364202,0.7167973249,0.6440186987,0.7440430444,0.6677677069,0.6938472436,0.6101845318,0.6338652114,0.6231006608,5.1095216492,3.6273146977,2.946344866,3.0130329507,3.2411918993,3.3990444001,3.4069425989,3.1686618198,3.2460161006,3.211717827,3.4287958405,3.3652287241,3.502491731,3.4458639771,3.2835486851,3.3129993278,0.5037838251,0.8623618598,1.1865672741,1.2500894077,1.0366729585,0.620022634,0.4114193306,0.2177267149,0.2151430292,0.2064068027,0.2119330656,0.5328125557,0.5263488679,0.511952942,0.1891909575,-0.1446912187,1.2656528665,0.0432833993,-0.3199456079,-0.4797010145,0.2452604066,0.2858834097,0.3101928055,0.3384410435,0.348913983,0.3519256458,0.2622474403,0.2472869193,0.2059503489,0.2240768147,0.2010912359,0.2050277392,0,0.0211089619,0.066284277,0.1407407709,0.1471217793,0.1497479307,0.129095852,0.098015537,0.0506464673,0,0,0,0,0,0,0,0,1.0644595199,1.3172989016,1.6781805117,1.4202577441,2.0282058777,2.6396725662,2.4390542146,2.2731475688,1.9590039381,1.6464160779,1.333241369,1.2854892494,1.3459741619,1.2350145537,0.9594913654,0,0,0,0,0,0,0,0,0,0,0,0.0014436613,0.0474668421,0.0461685984,0.0457885658,0,0.8137882278,0.850160908,0.7841439796,0.6317910777,0.6710899964,0.6791473187,0.6670162966,0.5877864376,0.5741369487,0.5470404701,0.5616867385,0.5103656129,0.5041742349,0.4903847971,0.5014132719,0.5000538914,0,0,0,0,0,0,0,0,0,0,0,0,0,0,0,0,9.9715293381,8.3322000123,7.8036486472,8.0247648088,8.6367251929,9.0331540886,9.4358450948,8.5676221877,8.4248014224,7.9201133825,7.8551222071,7.6581465493,7.7657685178,7.6746058229,7.0899124814,6.4559817659
TENNESSEE,0.6212641501,0.7025571232,0.7091930826,0.6188830846,0.5693728383,0.6741076203,0.7880967835,0.8109089977,0.9417160726,0.916943518,0.8135143217,0.599639012,0.4842970989,0.4781674757,0.4522096116,0.5479975009,3.2294120186,2.9089698249,2.9810950981,2.2330614839,2.3614248123,2.8469545186,3.4260790458,2.998476444,2.5538935822,2.0737880013,1.9902410842,1.8354987668,1.6387506496,1.5683646906,1.5350970657,1.7246121842,0.712716265,1.8099428106,1.848772448,1.9966454666,1.7769008353,1.892047325,2.2658121133,2.2147727137,2.153288084,1.9400331574,1.7392020821,1.3735824836,1.1007104762,1.0274752606,0.8690857935,0.8745335584,1.2154191752,0.3521054124,0.4926488259,0.0945094983,0.4913009945,0.6634645606,0.7179157674,0.8270158632,0.9980035435,1.2836701547,1.3359690581,1.0766279702,0.832077807,0.7830774967,0.9172752068,1.2141518645,0,0,0.0108872995,0.0209762082,0.0279911249,0.021268819,0.0081242744,0,0,0,0,0,0,0,0,0,0,0,0,0,0,0,0,0,0,0,0,0,0,0,0,0,0,0,0,0,0,0,0,0,0,0,0,0,0,0,0,0,0.0092122058,0.0079098732,0.002380253,0.0525648223,0.0882279317,0.1045926143,0.129477441,0.1685983327,0.1565092352,0.0739844191,0.0572583492,0.0929386082,0.0750328259,0.0367794528,0,0,0,0,0,0,0,0,0,0,0,0,0,0,0,0,0,0,6.7880238146,6.7814850444,7.0449770071,6.0166405638,6.3152185369,7.2024354579,8.3355054253,8.0197723514,7.8034105175,7.2884192505,6.9361848954,5.9782868407,5.1308688577,4.8938643765,4.7736676777,5.361295108
TEXAS,0.938337415,1.0882564124,1.3801018594,1.4207787782,1.2622186873,1.1923092882,1.1834929224,1.3319998468,1.2080778741,1.1405852377,1.1039726536,0.9561851316,0.9178108742,0.8289390901,0.8485000973,0.7110481329,5.6152336085,4.0741502002,3.5464599378,2.9698044616,2.9522727062,2.7221466786,2.5849710647,2.1833989283,1.7056787804,1.4268240901,1.1724452196,0.9490519996,0.9320833472,0.9261818243,0.9836256208,0.8362426988,1.5056502535,1.447293099,1.2540866764,0.5617279829,0.3566870435,0.32377931,0.2892194572,0.2963114589,0.302869151,0.3312560183,0.3231183091,0.2644110241,0.2546997926,0.246222874,0.2911128919,0.2890990861,3.119738858,2.8936703369,3.0949581842,2.6181696831,2.5314970897,2.4778388981,2.8340332237,3.468767725,3.5964122147,3.2035343627,2.7306682588,1.8259462308,1.6932900301,2.1392716973,3.0420443222,3.5418676049,0,0.0705655055,0.0739747419,0.0700789402,0.0184408578,0.0119330829,0.0341925349,0.0470491021,0.0695638413,0.0886210442,0.137906765,0.1420237007,0.1429826705,0.1069586712,0.1068785454,0.0999904371,0,0.3385930324,0.686787321,0.9980385555,1.0319350414,1.0525471345,1.0329653437,1.1548862336,1.4216690447,2.357761739,3.0898845242,3.0605902308,2.855325633,2.5700095457,2.6789751482,2.6510828006,0,0.028664777,0.0414141388,0.0636708604,0.09600385,0.1339403006,0.147924418,0.140267466,0.1066950209,0.0899293511,0.1270436814,0.1007526367,0.1440646354,0.0986579799,0.1203220975,0.0720823497,0.7888431029,0.6749891361,0.5878472321,0.2150661424,0.2805281255,0.2142217274,0.317943564,0.3779899493,0.4902472117,0.3834965026,0.3682657939,0.2825217389,0.2768022995,0.2790548016,0.3593620312,0.362398812,0,0,0,0,0,0,0,0,0,0,0,0,0,0,0,0,12.9678032378,11.6161824995,11.6656300916,9.9173354043,9.5295834013,9.1287164202,9.4247425287,10.0006707098,9.9012131388,10.0220083457,10.0533052055,8.5814826932,8.2170592826,8.1952964841,9.4308207545,9.563811922
UTAH,0.3328903895,0.4622771412,0.5904452958,0.6493663788,0.7860584939,0.7610816939,0.7940863745,0.5575029581,0.4635876605,0.381493198,0.363187487,0.3412247406,0.3421298647,0.3393297063,0.3570645717,0.3019297211,1.9390832624,1.753913106,1.5801014359,1.3550997843,1.254047697,1.2024644997,1.3119701889,1.2412035207,1.0285260007,0.8216526887,0.7792051656,0.8645421687,0.922681538,0.9528702763,1.0284754949,1.018298175,0.2866600386,0.4286992063,0.2512593259,0.2210394451,0.1429946687,0.2610120167,0.2789443452,0.2524171314,0.2590100624,0.2691108165,0.3337914943,0.3244046045,0.3195382743,0.2862655219,0.3600428498,0.4303857178,0.0024931963,0.0030169926,0.0015718112,0.0026343257,0.0227017132,0.0179921277,0.0177837499,-0.0026559773,0.0221939677,0.0472057206,0.2719448384,0.4345364103,0.5630074915,0.5357404075,0.4722652873,0.39554897,0,0.0050961675,0.0097693444,0.0140429551,0.018852057,0.0182053257,0.0193090857,0.0146496423,0.015770838,0.0177004453,0.0821754669,0.1505695116,0.2114314454,0.2249093868,0.2139152377,0.1937159833,0,0,0,0,0,0,0,0,0,0,0,0,0,0,0,0,0,0.0186548481,0.0346445706,0.0436171813,0.0314291932,0.0239300018,0.023090689,0.0240464801,0.0262288949,0.0271209045,0.0255875145,0.0386391103,0.0698885553,0.1157843554,0.149994459,0.1391083978,0.0995021764,0.1666442945,0.1838970807,0.1720785636,0.2295533338,0.180086009,0.1667598307,0.0963110706,0.1103737531,0.1502529853,0.1707961359,0.2032337062,0.1577244817,0.1741097239,0.2233117411,0.29389544,0,0,0,0,0,0,0,0,0,0,0,0,0,0,0,0,3.6606290632,3.8383017562,3.6516888644,3.457878634,3.4856371568,3.4647716745,3.6119442638,3.1834748258,2.9256911773,2.7145367588,3.0266881026,3.3571502521,3.5864016509,3.6290093781,3.8050696416,3.7728824051
VERMONT,30.5148616891,3.3931365725,1.6452344061,1.0476470655,1.0039691461,0.9561421841,0.9236982967,0.8851425588,0.9134981814,1.0032681253,1.0274349674,1.3198477956,1.3471077785,1.4602051457,1.2028235352,1.1915573672,210.3177780219,20.9555685119,9.1260085143,4.9515790648,4.4151542033,4.2347791922,4.4270636941,4.554252661,4.7880541313,4.6129530888,3.587305283,3.2299104862,2.8767775118,3.3973918374,3.361733486,3.1789358826,40.0716892246,1.3355055672,2.8602490566,1.8751462425,1.8287243823,1.8744691848,2.108605562,2.1201381424,2.8228023295,3.3815502805,3.6594352396,3.8763146496,4.227141748,4.8655272834,4.8819307765,4.5100771299,0,0,0,0,0,0,0,0,0,0,0,0,0,0,0,0.0955689893,0,0,0,0,0,0,0,0,0,0,0,0,0,0,0,0,0,0,0,0,0,0,0,0,0,0,0.1585648304,0.4256150764,0.6530306358,0.6937919,0.5228280071,0.442204237,0,0.1160684676,0.1153189224,0.1221088716,0.1568844363,0.2186779602,0.2232473731,0.1844591807,0.1327146567,0.1589025055,0.3932475913,0.8661173127,1.1364953762,1.1759900893,0.7890672509,0.5790020183,18.0334172732,2.4312420329,1.0267884525,0.6284546204,0.5839971358,0.5581544304,0.5940922218,0.610334204,0.6695312163,0.7156462973,0.6896452054,0.7684626786,0.8196362306,0.9417159717,0.8755262743,0.7945873692,0,0.3248702495,0.4173918694,0.4515311099,0.6257972588,0.7501272118,0.9488135995,1.042229498,1.1522319838,1.631010597,1.9457016483,2.8313451024,3.2618992601,3.7708469353,3.4825036854,3.1437640631,299.9377462088,29.5563914016,16.1909912212,10.0764669747,9.6145265626,9.5923501635,10.2255207472,10.3965562449,11.4788324989,12.5033308944,12.4613347654,14.3176131015,15.322088541,17.3054691628,16.1164130153,14.9356970566
VIRGINIA,0.747469358,0.5909412904,0.5259041788,0.5389256945,0.419667159,0.3454365091,0.3916517239,0.5767521152,0.5502296531,0.4658336726,0.3598827749,0.4418228167,0.3870495673,0.3698223656,0.3510396641,0.3551465386,2.3199457254,1.8382270716,1.9601834285,1.6432796085,1.5343035869,1.456462205,1.6847613452,1.9732747985,1.8083968171,1.47705459,1.1002866837,1.5106100272,1.7255202732,1.936739904,1.777172886,1.6762737146,1.0339156449,1.1292611704,0.9981941422,0.8525592161,0.5207075097,0.4372260442,0.3380218782,0.5348542462,0.5004898374,0.5700596059,0.5207682254,0.6207240489,0.6139675496,0.6425171214,0.616134363,0.6205891226,1.61457e-5,0.0025142841,0.0760643563,0.1933735051,0.3144424819,0.2905657372,0.2271073881,0.2197026038,0.1974395265,0.2023758189,0.2273064172,0.3431653615,0.3948164724,0.371002801,0.2367952502,0.1647693597,0,0.0101469494,0.0147961565,0.0252305755,0.023638938,0.0227339759,0.0137746133,0.0158979033,0.0450953003,0.1412028133,0.2655733442,0.4601096377,0.5597018664,0.6663511548,0.7350050193,0.7767845875,0,0,0,0,0,0,0,0,0,0,0,0,0,0,0,0,0,0.0130607441,0.0299689407,0.0497410403,0.0656544015,0.0851745661,0.088842347,0.1343765424,0.1026796166,0.1046788692,0.0870886088,0.1225637843,0.0984035907,0.0558478397,0.0143111923,0.0080391927,0.3771492903,0.2440642849,0.2769497834,0.1998518365,0.2188096482,0.2022193414,0.2059824745,0.2307945942,0.2178585377,0.2088768072,0.1910351765,0.2235771397,0.2164731852,0.2148760071,0.2148382344,0.2336918872,0,0,0,0,0,0,0,0,0,0,0,0,0,0,0,0,5.4784961644,4.828215795,4.8820609863,4.5029614765,4.0972237252,3.8398183789,3.9501417702,4.6856528036,4.4221892887,4.170082177,3.7519412307,4.722572816,4.9959325047,5.2571571936,4.9452966094,4.8352944029
WASHINGTON,2.2326326714,0.8386056619,0.469628376,0.3487683207,0.3678086755,0.42903745,0.4580521712,0.3632814994,0.3224504085,0.3581344274,0.418750603,0.4625918671,0.3905208316,0.362553262,0.3479725678,0.3597793562,16.1661054775,5.4835877988,2.7754309285,2.0964727363,2.0684851857,2.5049452639,2.6571212457,2.2009087728,1.7205785816,1.6884082458,1.9876439315,2.5265218038,2.5729775386,2.1594132462,1.6546038535,1.2429487677,3.1632439636,1.7939273012,1.4867175773,1.3466148861,1.5834006638,1.7152103715,1.7118743039,1.3160036824,1.1061545463,1.0315383129,1.2531559417,1.5319468314,1.6234796846,1.2611552103,1.0004787929,0.8241316232,1.9146236178,0.3757954666,0.1238046251,-0.0580788728,0.0375079089,0.028666128,0.1111496169,0.1015309073,0.0773995701,0.0682280937,1.395663934,3.0364163049,3.5537930391,2.4560644705,1.3465840717,1.0259651075,0,0.0013240457,0.0099012509,0.0156794353,0.0197421708,0.0143547951,0.0052957445,0,0,0.3786495068,0.9165322532,1.614728434,1.6899456823,1.4007143471,1.1432614855,1.0064131992,0,0.1794606493,0.1116056817,0.1709525108,0.1357939429,0.2002174676,0.1937789266,0.1497432084,0.1252843492,0.0861117221,0.120161913,0.1416501878,0.143721453,0.1191213074,0.093826887,0.0842039201,0,0.0248322777,0.0267299881,0.0330424959,0.0358326855,0.0511801267,0.0670983725,0.0687384046,0.0667539448,0.0683217561,0.104478202,0.1800512839,0.2365987784,0.25096151,0.2170529248,0.1871651661,0,0.1349067557,0.17295956740000001,0.1606562031,0.1270235601,0.0895962652,0.0902505154,0.071693149,0.0529718195,0.0553495974,0.0600114395,0.0701854182,0.0713663608,0.0614359124,0.0497900455,0.0359827964,0,0,0,0,0,0,0,0,0,0,0,0,0,0,0,0,24.4766057304,9.8324399571,6.1767779949,5.1141077155,5.3755947932,6.0332078681,6.2946208968,5.271899624,4.47159322,4.7347416622,7.2563982177,10.564092131,11.2824033685,9.0714192658,6.8535706287,5.7665899365
WEST VIRGINIA,6.7350624976,2.4622495219,1.0266503715,0.6362026122,0.676746851,0.9194341398,1.3760123912,1.5006179899,1.6358511229,1.526706087,1.5315149943,0.936439495,0.8459769141,0.6261091648,0.7572122739,0.7297014562,17.8827794565,5.4147948839,2.5464065387,1.8252677131,1.9658715909,2.5743054397,3.3121960624,2.979328634,2.4444639218,2.0160839484,1.8950782072,1.295703687,1.2674713397,1.1364698277,1.1991352563,1.0068446133,3.5065528255,1.373394707,0.7845329699,0.6596459905,0.8234415866,0.9585481499,1.2237812796,1.27523236,1.3100760334,1.2338040206,1.3697248586,0.9263633662,1.0395403496,0.9237146992,0.9089307627,0.5400165546,0.7700307892,0.2830639894,0.1269591592,0.1640243478,0.20971792,0.2655338534,0.3344174941,0.4631874245,0.6073471569,0.7120669067,0.6509270653,0.3264686152,0.2628590941,0.3290484736,0.4673885729,0.4336188138,0,1.3787826378,1.1333517588,1.0937988656,0.8130907611,0.623049419,0.5319577698,0.4221879981,0.3362273863,0.1020766583,0.1742330647,0.1137708781,0.1724575624,0.1115138472,0.1756766894,0.0438027286,0,0,0,0,0,0,0,0,0,0,0.5924698732,0.6869812247,0.87366269,0.5742888954,0.5828281199,0.4368692341,0,0,0.0268416909,0.0430350127,0.0653939838,0.0925046463,0.1271683399,0.1213750226,0.1126738502,0.0930578221,0.0633397891,0.3433684387,0.5465441866,0.4867798212,0.2726150937,0.0383673361,3.104295349,1.1516858733,0.3735104721,0.1093463924,0.1115503977,0.1935155868,0.4661256894,0.5861186193,0.7104060388,0.6540012522,0.651677227,0.4032346494,0.3832568031,0.3399524213,0.4037045352,0.3519819257,0,0,0,0,0,0,0,0,0,0,0,0,0,0,0,0,32.9987209178,13.0639716134,7.0182529611,5.5313209343,5.6658130911,6.626891235,8.3716590264,8.3480480484,8.1570455103,7.3377966954,7.9289650793,6.0323303543,6.3917689395,5.5278771504,5.767491304,4.5812026624
WISCONSIN,0.5922955087,0.5649146081,0.3800433205,0.3596851455,0.3618851449,0.5951042133,0.7930666644,0.9654244509,0.8234317487,0.7287068684,0.7629427219,0.7473830586,0.6442277844,0.5426517931,0.5027627006,0.5851622379,2.0561843428,1.2018433927,0.7327003452,0.8271604348,1.1409458289,1.9714324682,2.3804487374,3.2270356545,2.8010829097,2.5773247698,2.7686717967,3.2176781043,2.7557884631,2.5294633184,2.4617258845,3.2909258115,0.8638552243,1.6941824197,2.1175055011,2.3278796978,2.4034752473,3.6417311169,4.7908620005,6.4766484262,6.5844978282,6.9812978355,7.5455098185,7.6553773825,5.3988338303,4.1811418033,3.6459577935,4.6768076317,0.4115305437,0.6570353042,0.4693157907,0.3142395882,0.1351431228,0.3194541724,0.2079323825,0.1936641671,0.1683845796,0.1673778956,1.2758563357,1.301035901,1.6021031898,1.1800270467,1.6423563749,2.0935292391,0,0.0817098292,0.059182225,0.2117958767,0.22370878,0.4339828911,0.3837741931,0.4118741744,0.3521247525,0.2989295053,0.357583983,0.3922817437,0.3322731383,0.2740534071,0.25893818750000003,0.3288718236,0,0,0,0,0,0,0,0,0,0,0,0,0.0022208391,0.0019158305,0.0018449315,0,0,0.058613681,0.0709468482,0.0938192174,0.0685870904,0.1060245697,0.1298103226,0.19069409,0.1975454853,0.2027288361,0.5462572033,0.560254025,0.6492588225,0.5617920949,0.7779349892,1.0327302439,0.3295672735,0.502857417,0.389811574,0.3034287602,0.217690419,0.2145489144,0.2665711179,0.3703890523,0.3689116335,0.369902777,0.3816454127,0.3891471766,0.3094345165,0.2797572699,0.2818179993,0.3609715799,0,0.3866051243,0.7187445154,0.8838746913,0.6895383899,0.7953279107,1.0511856124,1.5388773305,1.5839115993,1.6412923716,1.4404543436,1.2757082447,0.9292919089,0.9352707464,0.9005483042,1.168151829,5.2534328929,6.1477617762,5.93825012,6.321883412,6.2409740233,9.0776062567,11.0036510309,14.3746073459,13.8798905369,13.9675608593,16.0789216153,16.5388656363,13.6234324928,11.4860733103,11.4738871651,14.5371503965
WYOMING,1.2793635749,0.7748859794,0.4456653765,0.8252982704,1.0122555714,0.3000529665,0.1388290015,-0.159006188,0.5166593559,0.4777294931,0.7455797037,0.7105933612,2.2392461967,1.9295391966,3.00472754,2.8495052401,8.5511055891,3.7720688618,1.7684071971,1.6814316295,1.8705936784,1.2137363514,1.3081525414,1.3337184754,3.3374500506,3.5984773781,4.6413033455,7.0823540315,25.2011172673,14.2136829961,6.549520856,2.2904615193,8.8351351862,3.790604736,1.310942011,0.9624058672,1.7777508041,1.3590400125,1.0751512983,0.9088983435,2.6779006115,1.6994046775,1.9031349263,3.0289984436,11.3995357397,6.0414487172,2.8883082121,1.25489981,0,3.6163837587,4.7042804759,4.7105863004,6.279965319,4.2832279331,4.2466488016,3.0252627951,6.1290874895,4.3283132195,6.4001755007,7.2537027822,29.4823687419,18.2017395929,12.1880984359,6.602601258,0,0,0,0,0,0,0,0,0,0,0,0,0,0,0,0,0,0,0,0,0,0,0,0,0,0,0,0,0,0,0,0,0,0,0,0,0,0,0,0,0,0,0,0,0,0,0.0435950279,0.0890293584,3.9430103861,2.1539097035,1.5453443571,0.7020819214,1.0830153881,0.6494772617,0.4829876433,0.1102310161,0.2831825212,0.5125208772,0.6401252366,0.3978247565,1.3029524056,1.5869521955,1.4624936462,0.8900544794,0,0,0,0,0,0,0,0,0,0,0,0,0,0,0,0,23.6086147364,15.1078530394,10.7746394175,9.881803989,13.0235807609,8.8055345253,8.2517692862,6.2191044421,13.9442800287,11.6164456454,15.3303187128,19.4734733751,70.6252203511,42.9733626983,27.1367437181,14.9765516653
